Name,SaxoId,WpId,Boten
-5456831734576246383,20203942,1970,"Baby Avocado's,Amstelsch gøud,Taørt,STRIJDLØSTIG"
-7503962078928739405,20203940,1968,"Knettâh,ØK,DCL8+"
-4673384173429494299,20012123,1113,
4273243590570684613,20203320,1411,"Middengroep Zwaar 2015,Oude Vier 2015,Ouderejaars Zwaar 2016,Oude Vier,Ouderejaars Zwaar 2017,Ouderejaars Zwaar,Ouderejaars Heren,Middengroep Zwaar"
3131485771293917772,20203806,1835,"Eerstejaars Zwaar 2016,Middengroep Zwaar 2017,Middengroep Zwaar"
2218859363396988583,20062152,78,
-2991480449040189023,20203983,2011,"Matrøzen,Tøny,Føutje,VAMØS,Røy en Nina,Søepøltjes,DCl4*,Roy Koelman"
-8602293768848488175,19663002,21,
-3937998907613503340,20203370,1218,"De Geile Gørilla's,Dames Talenten 8,Eerstejaars Dames 2016,Middengroep Dames 2017,Dtal8+ '17,Ouderejaars Heren"
-6805717760549605372,20132114,905,"Wølfpack,Vløt"
-6001388081786603567,20203744,1763,"Onskølldig,CompoCie-8"
-8228441331590435660,20203697,1711,"Compokast,Escalerende Compokasten,STØEIPØEZEN,Twørk"
-7192677727397972156,20203758,1778,"Hunk&Möller,Monsterboot,Oud Licht,Eerstejaars Licht"
1016067525498107415,20203922,1950,"HTalenten8,Lekker Droog,Eerstejaars Zwaar 2017,Taørt,Middengroep Zwaar,Dames Talenten 8+,Eerstejaars Zwaar"
-4473896669529250163,20112017,336,Brakke koppen
7971888734223903158,20203217,1215,"Prinsesjes Pils,LIL BØØT,Spice Skørlls,Middengroep Lichte Dames"
-7515584790232140199,19964008,31,
-5609317935489269541,20203700,1714,"HCl8+,Herenclubacht,Eerstejaars Licht 2018,Oud Licht,Eerstejaars Lichte Dames,Middengroep Lichte Dames "
6636651702098329074,20203579,1642,"Bøøtje in de Water,Dørst,Finding Gløry,Tøga,Heren TopC4+"
-3133049544549107714,20203146,1500,
2143814640791763270,20092164,206,
5615789728483581298,20122111,574,"Eerstejaars Licht 2013,Cede Maiøri"
1554881843121650024,20203637,1644,"De Vliegende Skøllander,Prøwst,VAMØS"
-3601195387381774254,20203973,2001,"Vinøløgen,First Røw,Kørt maar krachtig"
-7312171433115548333,20042021,51,Damesclubacht
-3880731735287393404,20092219,221,
-8423789335253651223,20203332,1436,"Clubacht Heren 2015,Cupibøøt,Just Røw With It,Team Rocket,Licht Getalenteerd,Les Désølées,Agoraphobia,Eerstejaars Licht 2017,Søbtiel,Head Mixed4*,Oud Licht,Jon&Juul,Iris²,Nog steeds Önderweg,Dames Talenten 4*,Eerstejaars Lichte Dames,Eerstejaars Licht"
-515433820758001081,20203970,1998,"DTalenten8,Haringdrøøm,Licht Getalenteerd,Knettâh"
-3086648884990646650,20203911,1940,"Duø Penøtti,Ønvøldøende,HCl8+,STØEIPØEZEN,Desbøøt voor de smaak,Vergeten støømuil,Vergeten Støømuil 2.0,Åtte Øl"
-3349652052712701859,20021026,1122,
-6073357386478980322,20203757,1777,"Jalapeñøs,DTalenten8,Les Désølées,Eerstejaars Dames 2017,Middengroep Dames,Eerstejaars Zwaar"
-411991495409777894,20082095,130,
1589562146305722741,20203474,1509,"Clubacht Heren 2015,Cupibøøt,Eerstejaars Licht 2016,Eerstejaars Licht 2017,Middengrøep Gayns,Eerstejaars Licht 2018,Niet op gewicht"
-1465823812715535328,20132116,907,
-5252671146071260557,20203492,1522,"Vløt,DCl4*,Dames Talenten 8,Herenclubacht,Middengroep Zwaar,Ouderejaars Heren"
5947742421937020159,20203872,1912,"Anonymøs,Monsterboot,Bøterglad,Heren Talenten 8+,Eerstejaars Zwaar,Middengroep Zwaar"
6478536626231233980,20203425,1490,"Als een Tijger,CompoCie-8,Førstemannen,Ønvierwacht,Ouderejaars Dames,Beukman & Beukman,Eerstejaars Dames"
3785104572998514987,20203834,1868,"Hunk&Möller,HerenTopC4+,Røstagh,Monsterboot,HTopC4+,HCL8+,Tijgørs,Søepøltjes,Dames Clubdubbelvier"
-6131467473159151080,20112047,351,"Middengroep Zwaar 2014,Eerstejaars Zwaar 2012,Eerstejaars Zwaar 2015,Middengroep Zwaar 2017,Ouderejaars Zwaar,Ouderejaars Heren"
-6892317910374671824,20132089,880,"Clubacht Heren,Nø Stress,Eerstejaars Licht 2015,OudLicht 2016,OudLicht 2017,Oud Licht,Eerstejaars Licht,Oudlicht"
4196232612836505197,20203129,1289,"Eerstejaars Zwaar 2015,Middengroep Zwaar 2016,Oude Vier,Ouderejaars Zwaar 2017,Ouderejaars Zwaar,Ouderejaars Heren"
-6231269575775736277,20203693,1708,"Compokast,Eerstejaars Zwaar 2017,Middengroep Zwaar,Heren Talenten 8+,Eerstejaars Dames"
2841580487867936918,20123041,699,"Eerstejaars Dames 2014,Middengroep Dames 2015,Ouderejaars Dames 2016,Ouderejaars Dames 2017,Ouderejaars Dames"
624283660585515800,20203657,1670,"Eerstejaars Licht 2016,OudLicht 2017,Ouderejaars Licht,Ouderejaars Heren"
-6544077186346011907,20123020,680,"Eerstejaars Licht 2014,Straight zø die geht! ,Clubacht Dames 2015,Bliksemzwicht,Eerstejaars Licht 2017,Oud Licht"
7842829133420044847,20203163,1322,"Bøatways,Tømatøs,Straight Outta Compo,DamesTopC4+,HCl8+,Jochem Zonneveld,Heren Talenten 8+,Eerstejaars Licht,Heren Clubacht,Cøølman 2.0"
1049038118944280937,20102001,243,"Middengroep Zwaar 2012,Eerstejaars Zwaar 2011,Middengroep Zwaar 2013,Middengroep Zwaar 2014,Oude vier 2014,Middengroep Zwaar 2015,Instapclubacht Dames,Oude Vier 2015,Heren Talenten8,Eerstejaars Dames 2016,Mix2x,Eerstejaars Dames 2017,Middengroep Dames,Eerstejaars Dames,Ouderejaars Dames"
-7871169792270150170,20203818,1848,"Eerstejaars Dames 2016,Middengroep Dames 2017,Middengroep Dames,Cøølman,Heren TopC4+,Heren Clubvier - Gerstekracht"
8787988624844249485,20111033,321,"Eerstejaars Licht 2013,Eerstejaars Licht 2012,Middengroep Zwaar 2015,Oude Vier 2015,Ouderejaars Zwaar 2016,Middengroep Zwaar 2016,Ouderejaars Zwaar 2017"
-4513117540767612683,20203328,1262,"Eerstejaars Dames 2015,Ouderejaars Dames 2016,Ouderejaars Dames 2017,Søbtiel,Ouderejaars Dames"
-3019122284221317088,20132039,830,"Eerstejaars Zwaar 2014,Zevende Hemøll ,Cedo Nulli,Eerstejaars Zwaar 2015,Titønic,Middengroep Zwaar 2016,Bøtsbootje,Hete Bliksems,Tøtale Escalatie,Titvanger,DTalenten8,Licht Getalenteerd,Middengroep Zwaar 2017,Escalatie 17,Søbtiel,Knettâh,Middengrøep Gayns,Middengroep Dames,Middengroep Zwaar,ØK,2x zo snel,Eerstejaars Dames"
6275245564694831843,20203924,1952,"GRØØTS,Eerstejaars Licht 2017,Eerstejaars Licht"
8930400574522834352,20123007,668,"Middengroep Zwaar 2013,Middengroep Zwaar 2014,Middengroep Zwaar 2015,Ouderejaars Zwaar 2016,Ouderejaars Zwaar 2017,Ouderejaars Zwaar,Ouderejaars Heren"
9203940151228125997,20082087,129,"Legacy ,Zevende Hemøll ,Vaarverbøøt,Adrien"
7906879189808877623,19873003,24,"Ouderejaars Dames,Ouderejaars Heren"
1357609113815269186,20203852,1890,"Absølut,Ødins øl,VAMØS,Eerstejaars Dames,Middengroep Dames"
-7350887215285814631,19923010,26,
-6295906294156012236,19903001,1116,
7923080719963664638,20072054,93,"Hollandsche Nieuwe,OudLicht 2014,Middengroep Dames 2015,Oudlicht 2013,Ouderejaars Zwaar 2017,Ouderejaars Zwaar,Ouderejaars Heren"
-2955025527919505924,20132129,920,"Clubacht Heren,Nø Stress,Mannenhardt,Watskebøøt Deluxe"
6436917899239982093,20131010,736,"10 eroverheen,Mannenhardt,Øl Brødre"
7250063752898373950,20042034,52,
2824602179384065610,20132217,1008,"Nø Stress,Dames Talenten 8,Luxe Benen,Møartens Angels"
-8408106268904808955,20203177,1396,"Eerstejaars Zwaar 2015,Middengroep Zwaar 2016"
-6669198471684556800,19733001,1124,
7215761087449000877,20132103,894,"Clubacht Heren,Nø Stress,Petit Bateau,Úlfhéðnar,Eerstejaars Zwaar 2016,Middengroep Zwaar 2017,Dames Talenten 8+,Middengroep Zwaar"
8057054435908989684,20203708,1723,"Sombrerøw,Eerstejaars Dames 2017,DCl8+,Bløb,Pøwer,Øzøsnel"
-8368456934439316800,20132248,1039,"Wølfpack,Vløt,Row your Goat"
-1452654013272484780,20203639,1646,"Eerstejaars Dames 2016,Middengroep Dames 2017,Dtal8+ '17,Eerstejaars Dames 2018,Cøølman"
8867771988370195861,20203916,1604,
-3618658172012933834,19883001,1121,
-838214447356523183,20203827,1859,"Øpdreef,Dørst"
1861220737039305455,20203353,1367,"Turbøøt,LOCO,CompoCie-8,PLUTØ,Eerstejaars Zwaar"
-1119461832215945587,19963022,1127,
3672538344581940891,7,20,
8399933469350454777,20203551,1596,"Heren Talenten8,Eerstejaars Zwaar 2016,Jalapeñøs,Middengroep Zwaar 2017,Middengroep Zwaar,Eerstejaars Dames"
7844230953356890210,20203826,1858,"Prøwst,Blikken en bløzen,VAMØS,Boot & Huysch ringvaartploeg"
-4499214196686633325,20203778,1802,
-5900589854614402163,20141060,1171,
9097847570718627940,20113028,433,"Clubacht Dames,#YOCO 2.0,HCl8: #YOCO,Row force one,Instapclubacht Dames,Achtøs,Dames Club4+,Eerstejaars Dames 2016,Middengroep Dames 2017,Middengroep Dames,Ouderejaars Dames"
-6117960795519111866,20132294,1085,"Schluss,Clubacht Heren 2015,Hete Bliksems,Eerstejaars Lichte Dames 2017,Eerstejaars Lichte Dames"
-4980627939144027574,20002015,36,Middengroep Zwaar 2014
-8731098903585841861,20061007,67,"Eerstejaars Licht 2013,Eerstejaars Zwaar 2012,Eerstejaars Licht 2015,OudLicht 2016"
5411047479804167186,19992034,34,
1329060244667556796,19873002,23,
-3629440392213715546,20042040,53,"Eerstejaars Dames 2015,Topgroep 2015,Ouderejaars Dames 2017,Ouderejaars Dames"
4344278618338740519,20102145,292,"STUK,Eerstejaars Licht 2011,Jut en Jul,Legacy ,H1x,Cede Maiøri,6 Girls 1 Boat,Spoenck,Vaarverbøøt,DCl8+,Heren Clubacht"
3417153708344897162,19663001,1119,
6204903397172366805,20112030,342,"Oudlicht,OudLicht 2014,Gørillaz,Oudlicht 2013,Subtop 2015,OudLicht 2017,Ouderejaars Zwaar,Ouderejaars Heren,Oude Vier"
491692513670975435,20132080,871,"Røwjøb,Titønic,Invictøs,Als een Tijger,Eerstejaars Dames 2016,Titvanger,Middengroep Dames 2017,Ouderejaars Dames,Førstemannen,INFINITY+,Middengroep Dames"
3348669509224009798,20203652,1663,"Eerstejaars Zwaar 2016,Middengroep Zwaar,Daan van Ederen"
-7835749401125722582,20132204,995,Bôte dOr
-3119290881172564406,20203664,1677,"Prøwst,Blikken en bløzen"
401339799287615691,20132161,952,"Schluss,Petit Bateau,DamesTopC4+,Eerstejaars Zwaar,Middengroep Zwaar"
-3814466167209529385,20203291,1444,"Eerstejaars Licht 2015,OudLicht 2016,OudLicht 2017,DTal4* 17,Eerstejaars Lichte Dames 2018,Pieter,Middengroep Lichte Dames,Ouderejaars Dames"
3154967445218367074,20112130,392,"Børrelboot,Mentula,Brakke koppen"
-1653521420103993376,20203254,1462,
-7760214069525705242,20141055,1188,
-2501661418924649431,20203767,1788,HCl8+
-5240616072114664378,20131008,734,"Eerstejaars Dames 2014,Middengroep Dames 2015,Ouderejaars Dames 2016,Ouderejaars Dames 2017,Søbtiel,Eerstejaars Zwaar 2018,Ouderejaars Dames"
-2343614899177386457,19713001,22,
-7734413988392718039,20203964,1992,"LIL BØØT,Amstelsch gøud,Taørt,STRIJDLØSTIG,PLUTØ"
-4572617684727518112,20203498,1559,"JAN.,Ønveilig,Eerstejaars Licht"
5675966821601103807,20141044,1160,Das Boot
3547830349130007628,20203276,1497,"Knackebøt,Heren Talenten8,Sløøtwater,Gøalriggers,Prøwst,Brøthers in Arms,DTalenten8,Licht Getalenteerd,Middengroep Lichte Dames 2017,VAMØS,Røy en Nina"
-2626123196493367878,20203216,1339,"Titønic,Tøtale Escalatie,Titvanger,Søbtiel,Jon&Juul,Nog steeds Önderweg,Önderweg,Krøkø,Alweer,Middengroep Dames"
7068259973344001000,20203770,1792,Bøtsbootje
8740120345231716465,20203745,1764,"Sombrerøw,DamesTopC4+"
4283362076420212758,20203920,1948,"HTalenten8,LIL BØØT,Eerstejaars Licht 2017,HTal8+ '17,Oud Licht,Oudlicht"
7779222334068002322,20203577,1691,"DCl8+,Licht Getalenteerd,Eerstejaars Lichte Dames 2017,Middengroep Lichte Dames,Dames Project 8+,Ølympils,Dames Talenten 4*"
9220836265519377055,20122012,490,"#YOCO 2.0,MZZ,HCl8: #YOCO,Soaking wet,Met Zwembandjes,Clubacht Heren 2015,Paddling Pals,Brøthers in Arms,Middengrøep Gayns,Iets met een ø,Niet op gewicht,Oud Licht,Ouderejaars Heren"
-4288421037390560411,20203582,1608,"Sløøtwater,Tøtale Escalatie,Eau De Vier,Licht Getalenteerd,Les Désølées,Escalerende Compokasten,Escalatie 17,Søbtiel,Gøudvis,Head Mixed4*,DTal4* 17,DCl8+,VAMØS,Krøkø,Alweer,DCl4*,Roy Koelman,Middengroep Lichte Dames "
-6463875488814228537,20072014,89,
8181689868171873328,20204009,2037,"LIL BØØT,Eerstejaars Licht 2017,Oud Licht,Eerstejaars Licht"
2827245949382414718,19992072,35,"Oude vier 2014,Middengroep Zwaar 2015"
7241894619914927315,19962010,29,
-4388236309011762949,20121034,474,"Bibendøm,Eerstejaars Dames 2014,Middengroep Dames 2015,Eerstejaars Dames 2016,Eerstejaars Dames 2017,Middengroep Dames,Ouderejaars Dames"
-18321061975725666,20203326,1485,"DCl8+,CompoCie-8,DTopC4+,Gladde Bøys,Ønvierwacht,Nog steeds Önderweg,Önderweg,Heren Project 8+ (TopCv\'acht),Eerstejaars Dames"
1213519512483840585,20203718,1733,"Eerstejaars Zwaar 2016,Middengroep Zwaar 2017,Mulder,Ouderejaars Zwaar,Dames Talenten 8+,Ouderejaars Heren,Oude Vier,Søwiesø,Roy Koelman"
291913211284787255,20203212,1351,"Testøsterown,Heren Talenten8,HCl8+,Onskølldig,Herenclubacht,Møartens Angels,Row your Goat"
8111458694632435807,20203325,1330,"Eerstejaars Zwaar 2015,Titvanger,Damesclubacht,Ønvierwacht,Eerstejaars Licht,Oudlicht"
-1088637813831579412,20203687,1701,"Bøøtschap!,HTalenten8,Eerstejaars Licht 2017,Ønvøldøende,Calimerøw,Oud Licht,Eerstejaars Zwaar,Middengroep Zwaar"
7252718442909968550,20082224,153,"Middengroep Dames 2015,Topgroep 2015"
1695144851941723230,20203800,1827,"Absølut,Ødins øl,VAMØS,Twørk,Roy Koelman"
-3431803464171958652,20203694,1709,Walhalla
-5199406695916988076,20203574,1812,"Bøøtschap!,Eerstejaars Zwaar 2017,Ønvøldøende,Calimerøw,Middengroep Zwaar,(on)Vøldøende"
-7873088608985071425,20203858,1896,"Appøtus,Prøwst,Blikken en bløzen,HCl8+,Dames Talenten 4*,Eerstejaars Licht,Oud Licht,Oudlicht"
4920900289713304160,20203645,1654,"Absølut,Ødins øl"
-8174336850126255122,19893004,25,
-2300293106730872605,20203740,1758,"HCl8+,Eerstejaars Licht 2017,Head Mixed4*,Oud Licht,Heren Talenten 8+,Eerstejaars Licht,Verløren Jøngens,Eerstejaars Zwaar,Oudlicht"
3651152230243010378,20203867,1907,"Sombrerøw,Eerstejaars Lichte Dames 2017,Dames Talenten 4*,Eerstejaars Lichte Dames,Sieske Boers"
-7329951878772995017,20203399,1217,"Clubacht Dames 2015,Sloepsløeries,Heren Talenten8,Eerstejaars Zwaar 2016,Middengroep Zwaar 2017,Ouderejaars Zwaar,Ouderejaars Heren,Oude Vier"
4753953115661972902,19913010,1125,
-3499412686385506543,20203593,1752,"Eerstejaars Licht 2016,HerenTopC4+,Wøest,Middengrøep Gayns,DTopC4+,Gøande,Niet op gewicht,HCL8+,Heren Clubacht"
5432822247859602357,20123067,722,"Middengroep Zwaar 2014,Droge Tosti's ,Bootje Warm Vlees,Middengroep Zwaar 2015,Sloepsløeries,Adrien,Oude Vier 2015,Ouderejaars Zwaar 2016,Eau De Vier,Middengroep Zwaar 2017,Clubsandwich,HTal8+ '17,Middengroep Zwaar"
-8806141437471442054,20072076,96,Eerstejaars Licht 2013
6051978055063256383,20062190,82,Topgroep 2015
-4415554737957839242,20203527,1542,"Jalapeñøs,JAN.,Ønveilig"
-2706338886050548231,20203952,1980,"HTalenten8,LIL BØØT,Eerstejaars Licht 2017,Oud Licht,Oudlicht"
-4680614714433565301,20203832,1865,"Eerstejaars Dames 2016,Middengroep Dames 2017,Ouderejaars Dames,Førstemannen,Desbøøt voor de smaak,Vinø,Vergeten støømuil,Vergeten Støømuil 2.0"
-6642978393728151722,20102094,275,"Eerstejaars Dames 2011,Middengroep Dames 2012,Schwung,Eerstejaars Zwaar 2014,Middengroep Dames 2015,Oudlicht 2013,Ouderejaars Dames 2016,Middengroep Dames 2017,Ouderejaars Dames,Maddie en Marjo"
7611379807519237114,20203944,1972,"DTalenten8,Haringdrøøm,Licht Getalenteerd,Les Désølées,Jip&Janneke,Knettâh,Head Mixed4*,DTal4* 17,DCl8+,Eerstejaars Dames,DubbelTweeling,Eerstejaars Lichte Dames,Sløøpkøgel,Middengroep Lichte Dames "
-2112123513684005390,19982139,32,
6364953003811141341,20203152,1401,"Cupibøøt,Dames Talenten 8,DCl8+,Eerstejaars Dames 2017,Middengroep Dames,Bløb,Dames Talenten 8+,Gladde Bøys ,Heren Project 8+ (TopCv\'acht),Alweer,Dames Clubacht"
4400269116460647083,20203158,1244,"Bøatways,Tømatøs,Straight Outta Compo,LLØKS,Jøt & Jøl (2.0)"
-5791752094914192236,20203633,1639,"Eerstejaars Zwaar 2016,Middengroep Zwaar 2017,Middengroep Zwaar"
-2281565001989211492,20203153,1263,"Cupibøøt,Compokast,LOCO,CompoCie-8,DCL8+,Middengroep Dames"
-1026538192251014745,20203508,1588,"Appøtus,Blikken en bløzen,Peddøls,Bøterglad"
8220136752834944753,20203737,1754,"Eerstejaars Dames 2016,Middengroep Dames 2017,Bløb"
-752543555651991680,20203621,1626,"DCl8+,Eerstejaars Dames 2017,Bløb,Kanthari,Annemieke,Middengroep Dames,Eerstejaars Dames"
1463628203490327532,20203931,1959,"Haringdrøøm,Eerstejaars Dames 2017,Middengroep Dames,Bløb,Eerstejaars Dames"
-6723151773451845371,20113013,2,"Laffe Hazen,Immer gerade waus,Soppende Hazen"
-6671067816905482766,19773001,1126,
1838121345467628931,19943015,28,
-2749233192548626220,20203439,1344,"Clubacht Dames 2015,Dangerous 2.0,Eerstejaars Dames 2017,Middengroep Dames,Bløb,Eerstejaars Dames"
-9148937471432081945,20203501,1565,"Heren Talenten8,Eerstejaars Zwaar 2016,Jalapeñøs,Middengroep Zwaar 2017,Middengrøep Gayns,HTal8+ '17,Niet op gewicht,Eerstejaars Zwaar"
2260585444077807366,20203881,1920,"Jalapeñøs,Øngepast"
9214214702055834249,20204022,2051,"Middengroep Dames 2017,Ouderejaars Dames,Førstemannen"
-5908564175878509155,20204096,2313,"Mulder,Nog steeds Önderweg,Önderweg,Søwiesø,Tørpedo,Køhn,Åtte Øl,Watergødinnen "
-6215410188042083702,20204045,2168,"Eerstejaars Lichte Dames 2017,Middengroep Lichte Dames,Eerstejaars Lichte Dames"
2262813767434828793,20204047,2339,"Røstagh,Gladde Bøys,ØK,Dames Talenten 4*,BIGGØN,Heren Talenten 8+,Heren Project 8+ (TopCv\'acht),Heren Clubacht,Eerstejaars Licht"
-4652671161978545115,20204058,2338,"Ønvøldøende,Kørt maar krachtig,(on)Vøldøende,Dames Project 8+"
270738247839567581,20204059,2154,"Peddøls,Peddøls 2018"
8909294318885646750,20204063,2111,"Damesclubacht,Vaar-Wel,Ønvierwacht,HTOPC4+,ØLYMPILS,Oudlicht"
-1368821484230766484,20204064,2170,"Øl Brødre,Row your Goat"
-727635302820919792,20204076,2257,"Gøudvis,Veløcità"
9078851157434207939,20204088,2088,"Taørt,Mørmaids,Heren TopC4+"
-6248829074924624868,20204089,2266,"DamesTopC4+,Jøt & Jøl (2.0)"
6767567224890197360,20204097,2134,"Jip&Janneke,Taørt,Røstagh,Head Mixed4*,VAMØS,Jon&Juul,Søbtiel,Krøkø,Røy en Nina,Alweer,DCl4*,Middengroep Lichte Dames "
-5276385819314628178,20204101,2091,"Eerstejaars Zwaar 2017,Middengroep Zwaar,HØYE,Røllø,Middengroep Dames"
3436905894247761166,20204106,2217,"Eerstejaars Lichte Dames 2017,Calimerøw,Eerstejaars Licht 2018,Ouderejaars Dames,Ouderejaars Heren"
182831386627753869,20204115,2294,"Gøudvis,ØL ER GULL,Støei,ØDØL ER GULL"
3197623652492731343,20204116,2365,
8432640738215354927,20204123,2180,"Brøwmance,Bløf,Kanthari,Badkuip,Ølympils"
4753776783339894101,20204127,2194,"Øl Brødre,Vønk"
-7439950471455829727,20204133,2151,"Taørt,FC Knødde,Mørmaids,ØLYMPILS"
6642130102000380272,20204140,2259,"DamesTopC4+,Bøunce,DTal4* 17,Eerstejaars Lichte Dames 2018,Middengroep Lichte Dames,Heren Clubvier - Gerstekracht"
-1102354950273236185,20204146,2115,Knørrig
1321629486119246305,20204148,2264,Tøga
7137395065946390357,20204152,2218,"Øl Brødre,Komt Gøed,STRIJDLØSTIG,BIGGØN"
-403833623220953461,20204155,2348,Støømboot
-5584375741112515614,20204157,2347,"Eerstejaars Licht 2017,Oud Licht,Ouderejaars Dames"
-4285250441074126388,20204158,2163,"Knørrig,HTal8+ '17,Eerstejaars Licht 2018,HCL8+,Eerstejaars Zwaar"
-5276626391588757711,20204159,2116,"Øl Brødre,STRIJDLØSTIG"
7355008805671772191,20204162,2139,"Herenclubacht,Crescendø,DCL8+"
-8636845946882604311,20204167,2343,"Ouderejaars Zwaar 2017,Ouderejaars Zwaar,Ouderejaars Heren,Oude Vier"
675577460220503832,20204170,2298,"2CØØL4SKØØL,De Førmule,ØØGAPPELTJES,Niteø"
-5922149170439664460,20204172,2228,"Les Désølées,Herenclubacht,Middengroep Dames,Eerstejaars Licht,DubbelTweeling,Ouderejaars Dames,Sløøpkøgel,Tøtal løss"
-7715016379977747588,20204178,2153,"DamesTopC4+,DTal4* 17,Eerstejaars Lichte Dames 2018,Duurt te lang,Øude Wijfies,Dames Clubdubbelvier"
4234684366234379093,20204186,2250,"Blikken en bløzen,Førtuna,BØØT,V∅∅RUIT,Dames Project 8+"
-4341477987724204430,20204187,2203,"DamesTopC4+,DTopC4+,Jøt & Jøl (2.0),Dames Talenten 8+,Eerstejaars Dames,Middengroep Dames,Heren Clubvier - Gerstekracht"
-1162666117984785350,20204188,2137,"Anacønda,Heren TopC4+"
-4233374216628593908,20204189,2333,"Taørt,Middengrøep Gayns,Dtal8+ '17,HCl8+,Mørmaids,Middengroep Zwaar,Duurt te lang,Eerstejaars Lichte Dames,Sløøpkøgel,Eerstejaars Licht"
-3738510856758272780,20204190,2184,"DamesTopC4+,Ønvøldøende,Kørt maar krachtig,Jøt & Jøl (2.0),(on)Vøldøende,Heren Talenten 8+,Duurt te lang,Eerstejaars Licht"
961769814613916381,20204194,2242,"Taørt,Willekørig,VAMØS,Mørmaids,BØØT,HCL8+"
2766470793977209091,20204199,2199,"Peddøls,Peddøls 2018"
367807618353802100,20204202,2349,"DamesTopC4+,Møartens Angels,ØL ER GULL,Støei,Duurt te lang,ØDØL ER GULL,Veløcità"
-5273185638190402526,20204208,2243,"Tøny,Drøwning,ØK,Drøwning 2.0,Heren TopC4+"
-1296855127814994013,20204211,2220,"Herenclubacht,Heren Talenten 8+"
-5457669215013546812,20204223,2319,"Blikken en bløzen,BØØT"
-8280357241796045986,20204232,2129,"Taørt,Vaar-Wel,Mørmaids,Bøatycall"
-3741974614837596927,20204237,2330,"Eerstejaars Licht 2017,Heren Talenten 8+,Middengroep Zwaar"
-6168384363857588405,20204239,2074,"DamesTopC4+,DTal4* 17,Eerstejaars Lichte Dames 2018,Middengroep Lichte Dames,Ouderejaars Dames,Tøtal Løss"
5280696039509368179,20204268,2370,"HerenTopC4+,HTal8+ '17,HCl8+,DTOPC4+,Tijgørs,Heren Project 8+ (TopCv\'acht),Dames TopC4+,Eerstejaars Licht"
-718488107873826856,20204270,2219,Eerstejaars Licht 2017
933246744328204828,20204273,2268,"Blikken en bløzen,Dtal8+ '17,Eerstejaars Dames 2018,Førtuna,Middengroep Dames,Eerstejaars Licht"
-3137699485286469272,20204275,2323,"Brøwmance,Bløf,Kanthari,Badkuip"
-1002021018327502842,20204276,2334,"Eerstejaars Zwaar 2017,Middengroep Zwaar"
4074019488554589134,20204277,2075,"Øl Brødre,STRIJDLØSTIG"
576113199175151696,20204293,2145,"Taørt,VAMØS,Eerstejaars Lichte Dames,DCl4*,Dames Clubdubbelvier"
4347063462138272812,20204311,2225,"DamesTopC4+,Dtal8+ '17,Eerstejaars Dames 2018,DCL8+,Middengroep Dames,Ouderejaars Dames"
-407135979418028227,20204312,2190,"DamesTopC4+,Jøt & Jøl (2.0),Duurt te lang,Øude Wijfies"
8670622763918910613,20204316,2093,"De Daltøns,Lørelei"
2419926912756193488,20204319,2156,"STERRENSTØF,Dames Talenten 4*,Eerstejaars Lichte Dames"
-6448726572174931385,20204323,2107,"De Daltøns,Lørelei"
4996988250491555170,20204326,2085,"Eerstejaars Zwaar 2017,Middengroep Zwaar,Verløren Jøngens,Eerstejaars Zwaar"
-8695115489987773855,20204332,2206,"Røstagh,Dtal8+ '17,Eerstejaars Dames 2018,Middengroep Dames,Heren Clubacht"
6271484777933142444,20204333,2344,"Herenclubacht,Crescendø,Eerstejaars Zwaar 2018,Ouderejaars Heren"
2106387833047837889,20204334,2246,"Eerstejaars Licht 2017,DCl8+,Drøwning 2.0,Team crul,Z Paraguas"
5301751593486631435,20204340,2073,"Anacønda,Row your Goat,Dames Talenten 4*"
-6711034898124579036,20204341,2132,"Øl Brødre,Komt Gøed,Twørk,Vønk,Badkuip"
-1810281928268020325,20204351,2311,"Tøga,ØK"
-7621542662478528036,20204353,2379,"Eerstejaars Lichte Dames 2017,Eerstejaars Lichte Dames 2018,Dames Talenten 4*,Middengroep Zwaar,Middengroep Lichte Dames "
-8583545736623511480,20204363,2387,"De Daltøns,Ship of Fools,DTopC4+,VAMØS,Winston Oba,Roy Koelman"
5833425136972930791,20204369,2406,"Drøwning,Te Drøk,Drøwning 2.0,Prøminent,RoeienMetDeRiemenDieJeHebt"
2315696318465952306,20204370,2453,"HTopC4+,HØUDØE,DTOPC4+,Cøølman,Heren TopC4+"
-997498656555219172,20204371,2399,"Drøwning,LØWINNEN,Te Drøk,Drøwning 2.0,Prøminent"
6960272181444081428,20204372,2426,"Bløf,DTal4* 17,Kanthari,Badkuip,Dames Talenten 4*,Eerstejaars Lichte Dames"
2568807522737722661,20204374,2436,"Pøah,HTal8+ '17,Eerstejaars Zwaar 2018,Middengroep Zwaar,Ouderejaars Heren"
4549936900642527660,20204376,2429,"Komt Gøed,ØDØL,Snøøkies,VRØØM,HØYE"
7568266331164113143,20204378,2447,"Bløf,Kanthari"
3262949209763399036,20204380,2458,"Crescendø,DCl8+,Krøkø,Dames Talenten 8+"
-6015759076441642525,20204384,2438,"Lekkør,Døry,Vløg,Veløcità"
-1384445098747215779,20204398,2431,"Røring,Nemø,Vløg,HTOPC4+"
-3951350052943155085,20204400,2400,"Pøah,HTal8+ '17,Eerstejaars Zwaar 2018,Vønk,Middengroep Zwaar,Verløren Jøngens"
6971605881478375556,20204408,2427,"Team crul,Heren Project8+"
1528853728388073478,20204409,2430,"Crescendø,Dtal8+ '17,Eerstejaars Dames 2018,Eerstejaars Dames,Heren Clubacht"
-4391989292748680265,20204430,2397,"Pøah,HCl8+,Eerstejaars Zwaar,Verløren Jøngens,Middengroep Zwaar"
-2778033484388471801,20204432,2451,"Usain Bøat,HCl8+,Eerstejaars Licht,Heren Clubacht"
9204858973625107004,20204439,2466,"Usain Bøat,Gucci Gang,Prøminent,Heren Project8+"
-3497743752864622108,20204447,2546,"Førstemannen,Kørt maar krachtig,Vløt,Eerstejaars Lichte Dames,Bøb de Bøuwen,Dørstig vør Gøud,Øltra,DCl4*,Eerstejaars Zwaar,Sløøpkøgel,Dames TopC4+,Sødå,Scøtch"
-5725863602510074635,20204449,2625,"Eerstejaars Lichte Dames 2018,Middengroep Lichte Dames,Ouderejaars Dames,Nøg Ønbekend,Heren Clubvier - Gerstekracht,Vinø"
-686948887664435615,20204456,2666,"Førtuna,Bøb de Bøuwen,Øltra,Dames TopC4+,Watskebørt,Kørt maar Krachtig"
1513287775483203143,20204461,2641,"Drøwning,Te Drøk,Drøwning 2.0,Tot de Bødem,Prøminent"
-5557698788261319648,20204465,2595,"HTopC4+,Bierzøssen,Escøllatie,Heren TopC4+"
-4865910905311543642,20204468,2512,"DTopC4+,Øuwe Pik Øuwe Pijp ,Sønna,ØL ER GULL,ØDØL ER GULL"
6422421316254291315,20204470,2734,Støømboot
-6937182425127120332,20204474,2741,"ØØGAPPELTJES,VRØØM,Niteø"
1320362666237811540,20204476,2472,"Lørelei,Desbøøt voor de smaak"
-9135296334239723910,20204482,2612,"DCl8+,Eerstejaars Dames,Middengroep Dames"
-8629025852844262535,20204486,2664,"Bierzøssen,Escøllatie,Niteø"
8644292963068456143,20204487,2726,"Søepøltjes,Escøllatie,Dames Project 8+,Dames TopC4+,DCl4*,Dames Clubdubbelvier,Dames Clubvier - Cømme ci Cømme ça,VRIJMIBØØT"
4599458696488101785,20204488,2606,"HTopC4+,HØUDØE,Heren Talenten 8+,HCL8+,Cøølman 2.0,Øzøsnel,Eerstejaars Lichte Dames"
5507794444172431374,20204491,2657,"HCl8+,Desbøøt voor de smaak"
1034561193072855835,20204494,2747,"Søepøltjes,Escøllatie,Merløt"
5849264444397977284,20204497,2619,"DTopC4+,Øuwe Pik Øuwe Pijp ,Sønna,ØL ER GULL,Høe cuz ‘vø kus,Dames Clubacht,ØDØL ER GULL,Heren TopC4+"
6731756802040598965,20204500,2544,"DTopC4+,Øuwe Pik Øuwe Pijp ,Dames Talenten 8+,Eerstejaars Dames,Middengroep Dames"
-8569477652069412722,20204501,2504,"Eerstejaars Dames 2018,Middengroep Dames"
867756940596989549,20204504,2540,"DTopC4+,Øuwe Pik Øuwe Pijp ,Dames Talenten 8+,Sønna,ØL ER GULL,Heren Talenten 8+,ØDØL ER GULL"
-4709508771780080101,20204507,2485,"DTopC4+,Øuwe Pik Øuwe Pijp ,Sønna,Høe cuz ‘vø kus,Eerstejaars Dames,Kabøters"
-9193762826200332943,20204511,2602,"HTopC4+,Søepøltjes,Escøllatie,Cøølman,Merløt,Fiascø"
1183535438629299816,20204512,2492,"Komt Gøed,Snøøkies,VRØØM"
7533797211165421564,20204516,2479,"Big Bøaty,Boot & Huysch ringvaartploeg"
-7827501488708938896,20204528,2732,"ØDØL,Snøøkies,GØLDSTRIKE,ØDØL ER GULL"
-6742400682305992939,20204530,2616,"Møartens Angels,GØLDSTRIKE,Zøef"
-2629146328515450498,20204538,2508,"HCl8+,Eerstejaars Zwaar,HØYE,Røllø,Merløt"
-4277064397307638207,20204539,2608,"HTopC4+,VØAR-TUIG,Cøølman,Zøef"
630407973964190325,20204543,2587,Kanthari
-592207733282106026,20204544,2738,"Kørt maar krachtig,Bøb de Bøuwen,Øltra,Heren Clubacht,Watskebørt"
-1476955953755741534,20204552,2644,"Bierzøssen,Escøllatie,Øzøsnel"
-330108605526871870,20204555,2482,"Vønk,VRØØM,Dørstig vør Gøud,Øzøsnel"
-3354674109828330622,20204556,2754,Løvejeger
1267586609473606991,20204564,2682,"Kørt maar krachtig,Bøb de Bøuwen,Øltra,Watskebørt,Fiascø"
3798242923337877183,20204565,2699,"Twørk,Støk"
-1572757888817211629,20204575,2585,"HCl8+,Eerstejaars Zwaar,Heren Clubacht,Dames Clubacht,Zønder Døllen"
3133043987455785660,20204576,2572,"Gøande,Bløb"
3519717746475611255,20204578,2539,"ØDØL,GØLDSTRIKE"
-6758855539989566852,20204580,2731,"Søepøltjes,Escøllatie,Merløt"
2183821686658455298,20204582,2767,"ØDØL,Snøøkies,GØLDSTRIKE"
-798968570999977397,20204586,2497,"Førstemannen,HCL8+,Sabøøtage,Øzøsnel"
8747181101334151168,20204587,2575,"DTopC4+,Øuwe Pik Øuwe Pijp ,Sønna,ØL ER GULL,Høe cuz ‘vø kus,Dames Clubacht,ØDØL ER GULL"
2054947062710978086,20204588,2638,"Eerstejaars Zwaar 2018,Middengroep Zwaar"
-7467929720437789489,20204591,2475,Gøande
-6100260201596300619,20204596,2721,"ØDØL,Snøøkies,GØLDSTRIKE,ØDØL ER GULL"
-7150430373373180874,20204597,2507,"STRIJDLØSTIG,STØRM,LØRELEI"
8512257703873969082,20204601,2490,Røwls-Røyce
8902004941223344461,20204604,2688,"Eerstejaars Dames 2018,Middengroep Dames,Ouderejaars Dames"
-7382012980037070950,20204605,2496,"DTopC4+,Øuwe Pik Øuwe Pijp ,Dames Talenten 8+,Eerstejaars Dames,Middengroep Dames,Dames Clubacht"
-2156625190092994291,20204612,2679,"DTopC4+,Sønna,ØL ER GULL,Høe cuz ‘vø kus,Dames Clubacht,ØDØL ER GULL"
8839388401881079772,20204615,2652,"Eerstejaars Lichte Dames 2018,HØYE,Dames Project 8+"
-4111777975380820513,20204617,2702,"Møartens Angels,Øuwe Pik Øuwe Pijp ,HCL8+,GØLDSTRIKE,Tijgørs,Heren Talenten 8+,Zøef,Heren Clubvier - Gerstekracht"
9152812144620788372,20204618,2538,"Møartens Angels,GØLDSTRIKE"
8481860392427489955,20204619,2570,"DTopC4+,Øuwe Pik Øuwe Pijp ,Dames Talenten 4*,Sønna"
1001085892271640410,20204621,2707,"STØEIPØEZEN,ØL ER GULL,STRØØIERS,ØDØL,Støei,ØDØL ER GULL"
5387637176193885116,20204624,2515,"Bierzøssen,Escøllatie"
-573763874707354262,20204625,2558,"STØEIPØEZEN,ØL ER GULL,STRØØIERS,Støei,ØDØL ER GULL,Veløcità"
-7284810108612142408,20204628,2654,"Bierzøssen,Escøllatie"
-1604000141643000476,20204638,2698,"DCl8+,Dames Talenten 4*,Eerstejaars Lichte Dames,Middengroep Lichte Dames"
8958825148969786203,20204642,2500,"HTopC4+,Heren Talenten 8+,Eerstejaars Licht,Dames Talenten 4*,Dames Clubacht,Cøølman 2.0,Tøtal løss,Eerstejaars Lichte Dames"
7240238706533338916,20204643,2748,"Drøwning,LØWINNEN,Te Drøk,Drøwning 2.0,Prøminent"
-1126875584035284443,20204644,2717,"Eerstejaars Licht 2018,Kale Røbin,Sødå,Scøtch,Heren Project8+"
1130671369746132430,20204647,2715,"STRIJDLØSTIG,DCL8+,STØRM,DCl4*,Dames Clubdubbelvier"
8957323647611774019,20204648,2755,Bløb
4421069550085906468,20204650,2498,"Eerstejaars Zwaar 2018,DCL8+,Middengroep Dames"
-4859963377283944008,20204651,2573,STØEIPØEZEN
5269808129498704187,20204654,2621,"STØEIPØEZEN,ØL ER GULL,STRØØIERS,Støei,ØDØL ER GULL"
1126892851866917784,20204658,2765,"STØEIPØEZEN,ØL ER GULL,STRØØIERS,Støei,ØDØL ER GULL,Veløcità"
8743207466483493802,20204660,2484,"Big Bøaty,Amatørs,Øuwe Pik Øuwe Pijp ,V∅∅RUIT,Dames Project 8+"
-6265649989823815813,20204661,2649,"Møartens Angels,GØLDSTRIKE"
5804516120333097742,20204663,2614,"Kørt maar krachtig,Bøb de Bøuwen,Øltra"
-7363544722867717727,20204665,2571,"HTopC4+,VØAR-TUIG,Cøølman,Zøef"
209923652022731299,20204666,2605,"Ouderejaars Licht,Ouderejaars Heren"
5740961191772322478,20204668,2637,Komt Gøed
6089307486745560503,20204670,2480,"Førstemannen,Sabøøtage,Desbøøt voor de smaak,Heren Talenten 8+,Vergeten støømuil,Vergeten Støømuil 2.0"
-2246255871539373278,20204673,2599,"Eerstejaars Dames 2018,Øuwe Pik Øuwe Pijp ,DCL8+,GLITTØR,Eerstejaars Dames"
2007140624509205358,20204678,2552,"Twørk,Støk,Bliksøm,Veløcità"
-8309438938775178002,20204680,2554,"Eerstejaars Licht 2018,Kanthari,Verløren Jøngens"
1218144736689668947,20204681,2542,"Eerstejaars Dames 2018,Eerstejaars Dames"
-6825439228164666778,20204682,2704,"Møartens Angels,GØLDSTRIKE,Zøef"
2781331227561299421,20204684,2588,"Kørt maar krachtig,Bøb de Bøuwen,Øltra,Watskebørt"
-2588944412659059047,20204696,2636,"Big Bøaty,Bløb,Escøllatie,RingvaartVier"
-4722952405867442727,20204285,2376,"Søepøltjes,Escøllatie,Fiascø"
9021726052791042825,20204698,2491,"Søepøltjes,Escøllatie"
-4987074352570937441,20204699,2520,"Eerstejaars Lichte Dames 2018,Eerstejaars Zwaar,Middengroep Zwaar"
-1673012690835766653,20204702,2468,"HTopC4+,HØUDØE,VØAR-TUIG,Røy en Nina,Søepøltjes,Roy Koelman,DCl4*,Merløt,Dames Clubdubbelvier,Heren Project8+,Boot & Huysch ringvaartploeg"
-7587796121644773853,20204704,2470,"HCl8+,Heren Clubacht"
-4841910177543396776,20204709,2530,"Eerstejaars Licht 2018,Oud Licht"
-2586035705824330557,20204712,2476,"ØØGAPPELTJES,Niteø"
-1252146726009606799,20204715,2757,"HTopC4+,HØUDØE,VØAR-TUIG,Cøølman,Zøef"
6681769202225125479,20204716,2568,"Kørt maar krachtig,Bøb de Bøuwen,Øltra,Watskebørt"
8151486371694831328,20204721,2493,"Førstemannen,Sabøøtage,Desbøøt voor de smaak,Heren Clubacht"
4615695994155771042,20204724,2553,"HCl8+,Eerstejaars Zwaar"
3939597390057594830,20204725,2550,"Møartens Angels,GØLDSTRIKE"
-6051535782069866258,20204726,2656,"ØDØL,GØLDSTRIKE"
1579332405302916474,20204738,2740,"Kørt maar krachtig,Vløt,Bøb de Bøuwen,Øltra,Drøwning 2.0,Røllø,Fløw"
1983828167195853886,20204739,2594,"FC Knødde,Vløt,Bøb de Bøuwen,Drøwning 2.0,Tot de Bødem,Z Paraguas,Prøminent,Heren Project8+"
5572494992712338023,20204740,2541,"STRIJDLØSTIG,Søwiesø,STØRM,Dames Project 8+,Røllø,RingvaartVier,Z Paraguas,Dubbel Dølletjes,Boot & Huysch ringvaartploeg"
3621772618492899878,20204741,2771,"Førstemannen,Eerstejaars Zwaar,Middengroep Zwaar"
-7815855907772344823,20204745,2772,"Eerstejaars Lichte Dames,Middengroep Lichte Dames,Middengroep Dames"
-8170467825995256216,20204750,2778,
-2565817123288006361,20204754,2780,Røwls-Røyce
2547799716960172289,20204757,2784,Røwls-Røyce
1699242273372310875,20204759,2785,Eerstejaars Licht 2018
-1645181724860998220,20204766,2791,Ouderejaars Heren
-4006582955957483745,20204769,2806,"Snøøkies,Tuig van de Riggørs,Bliksøm"
-190831844058186645,20204778,2808,Øuwe Pik Øuwe Pijp 
-8093560772860620253,20204779,2792,"Øuwe Pik Øuwe Pijp ,Heren Talenten 8+,HCL8+,Eerstejaars Zwaar,Middengroep Zwaar"
-8424044323059365623,20204781,2846,"Snøøkies,Tuig van de Riggørs,Bliksøm,Pedrø"
-2985841206895868002,20204783,2804,Øuwe Pik Øuwe Pijp 
8290556222578306336,20204788,2832,"HØUDØE,Te Drøk,Nikhetøn,Nikethøn"
-4579675017215037216,20204789,2831,"Snøøkies,Tuig van de Riggørs,Bliksøm"
-8179882672449763544,20204790,2794,"LØWINNEN,Te Drøk,Nikhetøn,Nikethøn"
-6697861704982497745,20204791,2795,"HØUDØE,DTOPC4+,Te Drøk,Nikhetøn,Nikethøn"
1452494230559666962,20204792,2798,"Vløg,Nikhetøn,Nikethøn"
-7351858664671856295,20204794,2824,"LØWINNEN,Te Drøk,Nikhetøn,Nikethøn"
-3214353539719965810,20204798,2833,"Snøøkies,Bliksøm"
-4301486332911138977,20204799,2803,"Snøøkies,Bliksøm"
-1244110771026132593,20204802,2799,"Øuwe Pik Øuwe Pijp ,Heren Talenten 8+,Eerstejaars Licht,Dames Talenten 8+,Oud Licht,Tøtal løss,Oudlicht"
7341548448289001569,20204806,2850,"Vløg,Tuig van de Riggørs,Nikhetøn,Nikethøn"
-439567062505294913,20204807,2810,"Vløt,Øltra,Kørt maar krachtig"
-343657374767985000,20204810,2826,"Vløg,Krøkø,Discødip,Tuig van de Riggørs,Heren Talenten 8+,Dames Clubacht,Nikhetøn,Heren TopC4+,Nikethøn"
-3238714357555434820,20204814,2812,"Øuwe Pik Øuwe Pijp ,HCL8+,Tijgørs"
-8437948727995684634,20204816,2796,"Snøøkies,Bliksøm"
5283818697794817994,20204817,2842,"HØUDØE,Dames Talenten 8+,Eerstejaars Dames,Middengroep Dames,Dames Clubacht"
115352621107770653,20204818,2844,Øuwe Pik Øuwe Pijp 
-8077500411969041941,20204823,2825,"Ønbekømmerd,Øuwe Pik Øuwe Pijp"
83188310593825626,20204825,2816,Øuwe Pik Øuwe Pijp
-6599282343762904175,20204826,2818,"Øuwe Pik Øuwe Pijp ,Heren Talenten 8+,Eerstejaars Zwaar,Heren Clubacht,Middengroep Zwaar"
4150845680658272708,20204827,2841,Ønbekømmerd
-7837540989018922901,20204829,2847,"Snøøkies,Tuig van de Riggørs,Veløcità"
-4081934633396221743,20204451,2529,"Bøb de Bøuwen,DØLLØØS,Røllø,RingvaartVier,Dames Clubacht,Escalerøn,Despø"
478082634611062330,20204851,2922,"Sabøøtage,Bimbo\\\'s"
-7737199136878281970,20204852,2871,"Te Drøk,Nikhetøn"
4089204731109056535,20204854,2912,Tuig van de Riggørs
5434481135680767650,20204855,2947,"Tijgørs,Nikhetøn,Bliksøm,Nikethøn"
8005333993297622335,20204861,3075,"DCL8+,Dames TopC4+,Dames Clubvier - Cømme ci Cømme ça,Dames Talenten 8+"
-5341450404564076921,20204862,2906,"Tuig van de Riggørs,Dørstig Vør Gøud"
5791262947243569624,20204863,2943,"HTOPC4+,MGTopC4"
8113500590373739237,20204865,3009,"ØL ER GULL,PLUTØ,ØDØL ER GULL"
5192192770721722485,20204868,2953,"Escøllatie,Bøattrippers,RoeienMetDeRiemenDieJeHebt"
6185394938244516057,20204873,2890,"DCL8+,Eerstejaars Lichte Dames,Nøg Ønbekend,Middengroep Lichte Dames ,Dames Clubvier - Cømme ci Cømme ça"
-1773034544862017312,20204877,3056,"Sabøøtage,Bimbo\\\'s"
4678197756236661657,20204887,2910,"Døl-fijn,Nikhetøn,Nikethøn"
-2568682821632756857,20204890,3062,"ØL ER GULL,PLUTØ,ØDØL ER GULL"
5419786849097829421,20204891,2859,"Dørstig vør Gøud,Temptatiøn,Vinø,Dølgedraaid"
7712804600161893917,20204894,2983,"STRØØIERS,Zøef,Pedrø"
-7848660500045438119,20204897,3120,"Escøllatie,Bøattrippers"
-1702262624730765443,20204898,2950,"HTOPC4+,Dames Talenten 8+,Eerstejaars Zwaar,Heren Clubvier - Gerstekracht"
-5497242902565030391,20204907,3006,"ØL ER GULL,PLUTØ,Eerstejaars Zwaar,Heren Clubvier - Gerstekracht,Parøls,Pedrø,Dames Talenten 8+"
1858674280132472228,20204908,2939,"Verløren Jøngens,Heren Talenten 8+,LØUD,Eerstejaars Licht"
-834235720225139271,20204910,2897,"STØRM,Zøef"
6450968648881935006,20204911,3136,"HØYE,DØLLØØS,Røllø"
-6086459612605384872,20204912,3027,"Eerstejaars Dames,HØYE"
5692399487339003017,20204914,3017,"VØAR-TUIG,Dames Talenten 4*,Zøef"
-4808456799109575406,20204917,3080,"Escøllatie,Bøattrippers"
-2548388068948054595,20204918,2898,Løef
-8621044919762479537,20204922,2866,"Sønna,VØAR-TUIG,Høe cuz ‘vø kus,Fleur Tolmeijer"
961865872885832585,20204923,3070,"Escøllatie,RingvaartVier,Bøattrippers"
-6960734752685508991,20204927,2986,"HØYE,Dames Talenten 8+,Eerstejaars Dames"
8686383584986810752,20204928,3131,"Dørstig vør Gøud,Temptatiøn,Vinø,Dølgedraaid"
5471790928715227122,20204931,3114,"STØRM,Zøef,Fiascø"
7864534534540684764,20204941,2858,"DCL8+,Eerstejaars Dames,Middengroep Dames"
9107981117872913853,20204944,3091,"DTOPC4+,Kantje bøørd,Eerstejaars Lichte Dames"
5267906919557422615,20204947,3071,"Krøkø,Sabøøtage,Eerstejaars Lichte Dames,Middengroep Lichte Dames "
5300116208769521029,20204950,3014,"DTOPC4+,Kantje bøørd,Eerstejaars Lichte Dames"
-2893783575491931524,20204952,2982,"HTOPC4+,Dames TopC4+"
1005886419849200328,20204953,2971,"Sabøøtage,Bimbo\\\'s"
-2781857869673805520,20204954,2925,"Dørstig vør Gøud,Temptatiøn,Fiascø,Vinø,Dølgedraaid,Dames Talenten 8+"
7652066774216119863,20204956,3028,Prøcrastinatørs
-7378159878758887777,20204960,2942,HTOPC4+
-7762675447577954062,20204964,3152,"ØL ER GULL,PLUTØ,ØDØL ER GULL"
-6552179247405681344,20204966,2990,"ØL ER GULL,Heren Talenten 8+,PLUTØ,ØDØL ER GULL,Parøls,RoeienMetDeRiemenDieJeHebt,Pedrø"
6366867606806769672,20204967,3073,"HØYE,DØLLØØS,Røllø,RoeienMetDeRiemenDieJeHebt"
4052585494529912202,20204971,2864,"HTOPC4+,The Røwing Stønes,Heren Talenten 8+,Eerstejaars Licht,Tot de Bødem,Heren TopC4+"
1441245786846150724,20204981,3004,"Eerstejaars Licht,Oud Licht,Tøtal løss,Oudlicht"
4919066915172244202,20204983,2976,"VRØØM,Escøllatie,Bøattrippers,Pedrø"
560545002872954328,20204986,2928,"Escøllatie,Bøattrippers"
-2306156629051828416,20204997,3041,"HØYE,DØLLØØS,Røllø"
-5492581082609741866,20204991,2873,"Bøb de Bøuwen,Kørt maar Krachtig"
-4957429535930865411,20205001,2865,"DCL8+,Eerstejaars Dames,Middengroep Dames"
-1453689580283903328,20205004,2909,"Eerstejaars Licht,Heren Clubacht"
3596608398581797918,20205009,3069,"HØYE,Dames Talenten 8+,Røllø,Dubbel Dølletjes"
7305752660352558033,20205010,2877,"HCL8+,Bøb de Bøuwen,Eerstejaars Licht,Middengroep Zwaar"
6410095884026437331,20205013,3107,"HTOPC4+,The Røwing Stønes,MGTopC4,Eerstejaars Licht,Nøg Ønbekend,Oudlicht,Fløw"
-355302476451283223,20205014,2876,"Verløren Jøngens,Heren Talenten 8+,LØUD,Eerstejaars Licht"
6911364643311646831,20205015,2888,"Middengroep Dames,Ouderejaars Dames"
-6612478780377039024,20205020,2868,"Verløren Jøngens,LØUD"
2774209247745960470,20205023,2899,"Sønna,STØRM,Cøølman,Høe cuz ‘vø kus"
-5980185268606787382,20205025,2894,"HCL8+,Eerstejaars Zwaar,Middengroep Zwaar"
-6615917144001785870,20205027,3076,"The Røwing Stønes,Parøls"
5092349056757023972,20205030,3129,"DTOPC4+,Dames Talenten 8+,Bøøtylicious,Eerstejaars Dames,Middengroep Dames"
-8405126074310836413,20205033,3137,"Dørstig vør Gøud,Temptatiøn,Vinø,Dølgedraaid"
3418223069121722349,20205035,2995,"HTOPC4+,MGTopC4,Eerstejaars Zwaar,Nøg Ønbekend,Sødå,Scøtch"
2778925420160305303,20205037,3065,"VØAR-TUIG,Zøef"
-4206409794739109737,20205043,2875,"HØYE,Dames Talenten 8+,DØLLØØS,Røllø,Dubbel Dølletjes,Escalerøn"
312829200076974539,20205045,2929,"GØLDSTRIKE,Escøllatie,Bøattrippers"
2931716792570107458,20205050,2975,"Sabøøtage,Bimbo\\\'s"
-6399493596682217179,20205051,2969,"Bøb de Bøuwen,Eerstejaars Dames,Middengroep Dames"
-3103062185408885107,20205057,3087,"ØL ER GULL,PLUTØ,ØDØL ER GULL"
5802366684633767795,20205058,2956,"Tuig van de Riggørs,RoeienMetDeRiemenDieJeHebt,Øya Lélé"
-7749784344331011771,20205060,2946,"DTOPC4+,Dames Talenten 4*,Bøøtylicious,Eerstejaars Lichte Dames,Middengroep Lichte Dames ,Fløw"
-8746942390656295246,20205062,3037,"Dørstig vør Gøud,Temptatiøn,Vinø,Dølgedraaid,Heren Project8+"
4962684328666233106,20205064,2923,"VØAR-TUIG,Zøef"
-4555060004506103813,20205067,2862,"DTOPC4+,Kantje bøørd,Eerstejaars Dames,Kabøters"
-1202822069604934946,20205069,3128,"The Røwing Stønes,Tørpedo"
-3301910756869090263,20205072,3048,"DTOPC4+,Bøøtylicious,Kantje bøørd,RoeienMetDeRiemenDieJeHebt"
-279677732251325610,20205073,3052,"DTOPC4+,The Røwing Stønes,Nikethøn,Sødå,Scøtch,Dames Project8+"
-1343218983796596573,20205079,2967,"DTOPC4+,Kantje bøørd"
3313671079882717819,20205085,2936,"Verløren Jøngens,Heren Talenten 8+,LØUD,Eerstejaars Licht,Køhn,Eerstejaars Dames"
-4239968998360171722,20205090,2863,"Sabøøtage,Bimbo\\\'s"
-6549919709279094723,20205092,3124,"STØRM,Røllø,Dubbel Dølletjes,DØLLØØS"
4953839317017934982,20205093,2867,"Eerstejaars Zwaar,Middengroep Zwaar,Ouderejaars Heren"
2004113356792380571,20205094,2964,"HTOPC4+,Heren Talenten 8+,Bøøtylicious,MGTopC4,Heren Clubacht,Øzøsnel,Eerstejaars Zwaar,Dames Clubvier - Cømme ci Cømme ça"
4483710958842209049,20205095,3003,"DTOPC4+,Dames Talenten 4*,Eerstejaars Lichte Dames"
-402661206271890006,20205098,2902,"Sabøøtage,Bimbo\\\'s"
3012054289736324430,20205101,3049,"STØRM,Zøef,Parøls"
2839891866595511585,20205103,2932,"HTOPC4+,Bøøtylicious,MGTopC4,Dames TopC4+"
-7110145856493788537,20205109,2881,"Verløren Jøngens,LØUD,Eerstejaars Licht"
5245763224187208,20205112,3140,"Bløb,HTOPC4+,Bøb de Bøuwen,Dames Talenten 8+,Heren Clubacht,DØLLØØS,Røllø,Eerstejaars Lichte Dames"
-5108542912345205434,20205113,3008,"STRØØIERS,Øzøsnel,Merløt"
5974093196840448777,20205117,3110,"Apøllø,Zøef,Heren Clubvier - Gerstekracht"
-6446676388765320533,20205121,3103,"VØAR-TUIG,Zøef"
-5891906932551223368,20205126,3047,"HTOPC4+,Bøøtylicious,MGTopC4,Dames TopC4+,Fiascø"
3446894934887174974,20205131,2955,"DCL8+,DCl4*,Dames Clubdubbelvier,Heren Talenten 8+"
-4070282333865474071,20205132,2985,Eerstejaars Licht
1285873275407529710,20205154,3162,"Støk,Gøld riggers"
-3997177708282334894,20205163,3196,"Bliksøm,Veløcità"
-560029270103445958,20205169,3181,"Bøøtylicious,Eerstejaars Dames,Dames Clubacht"
-2896441324147745624,20205171,3220,Bliksøm
-3701739160274359293,20205173,3207,"Dames Talenten 4*,LØUD,Køhn,Eerstejaars Lichte Dames"
6448165865741690600,20205174,3184,"Dames Talenten 8+,Zøøitje,Bøatycall"
-3558745846910853971,20205175,3192,"Valhalla,Døørhalen,Waterscøøter "
-5562265291634653923,20205178,3219,"Bøøtylicious,Bøattrippers,Veløcità"
5197121175551744712,20205179,3182,"Bøøtylicious,Dames Clubacht,Bøattrippers,Eerstejaars Lichte Dames"
4804040628628002959,20205180,3214,"Døørhalen,Løud,Waterscøøter "
-1751666076798811110,20205181,3238,"LØUD,Dames Clubacht,Eerstejaars Dames,Kabøters"
1015233602584194619,20205183,3218,"Bøøtylicious,Bøattrippers"
-8728866594498113997,20205185,3170,"Valhalla,Døørhalen,Waterscøøter "
-8288832647772359961,20205186,3209,"Høe cuz ‘vø kus,Winøs,Øya Lélé,Pedrø,Høe cuz \'vo kus"
5491526671733270423,20205188,3215,"Høe cuz ‘vø kus,Winøs,Høe cuz \'vo kus"
-8366514899631533437,20205193,3239,"U-Bøot,Stuurløøs,Løef,Waterscøøter ,Tørpedo"
-4718843190618136798,20205195,3200,"Høe cuz ‘vø kus,Winøs,Øya Lélé,Høe cuz \'vo kus"
-76619375250383446,20205196,3230,"Valhalla,Døørhalen"
6033654048457747910,20205199,3179,"Zøøitje,PLUTØ"
8065685948741576131,20205201,3198,"Høe cuz ‘vø kus,Winøs,Spøed,Høe cuz \'vo kus"
-3555830264905491490,20205202,3210,"Dames Talenten 4*,Zøøitje,DCl4*,Dubbel Dølletjes,Dames Project8+"
3353158628046472266,20205206,3245,"Valhalla,Døørhalen,Waterscøøter "
-4275841857144471566,20205207,3183,"LØUD,Dubbel Dølletjes"
8087684563176205070,20205208,3175,"U-Bøot,Høe cuz ‘vø kus,Winøs,Høe cuz \'vo kus"
-8489761080022070982,20205210,3216,Bliksøm
-6455096780926742632,20205211,3206,"Bøøtylicious,Bøattrippers"
8047497867054066341,20205212,3224,PLUTØ
9106456852388367209,20205214,3193,"PLUTØ,Parøls"
-1654144313536212891,20205215,3186,"Zøøitje,Løud,Dubbel Dølletjes"
1767562199703764389,20205216,3197,"Høe cuz ‘vø kus,Winøs,Høe cuz \'vo kus"
-1925577630331182045,20205221,3231,"Valhalla,Døørhalen"
-7026051355477124801,20205224,3195,"Valhalla,Døørhalen,Løef,Waterscøøter "
7858777915236613515,20205225,3177,PLUTØ
-1933613184255302961,20205227,3169,"Heren Talenten 8+,Høe cuz ‘vø kus,Winøs,Bøatycall,Øya Lélé,Høe cuz \'vo kus"
-3152653623764246538,20205229,3243,"U-Bøot,Stuurløøs,Løef,Tørpedo"
1141564123956241358,20205232,3203,"Zøøitje,DCl4*,Dames Clubdubbelvier"
-1299415906582120373,20205234,3171,"U-Bøot,Stuurløøs"
-8587352968425878663,20205238,3185,LØUD
8503574611876292132,20205245,3497,"DØLLØØS,Escalerøn"
-3036893398543983862,20205246,3337,"Winøs,Dølgedraaid"
-143481595124824508,20205248,3476,Spøed
2783136819579082414,20205250,3281,Wijnøn
-4834518515338706543,20205253,3493,"Gøld riggers,Gøldriggers X prølatiø"
7017319697812528227,20205256,3512,"Escalerøn,DØLLØØS"
-6094614447873251193,20205257,3255,"Middengroep Lichte Dames,Eerstejaars Zwaar"
8029094194815962067,20205263,3304,Ouderejaars Dames
866956666241763169,20205264,3334,"Heren TopC4+,Dames TopC4+,Boy ødelagt"
5594263805092014702,20205266,3394,"Gøld riggers,Gøldriggers X prølatiø"
-7888833279547083808,20205268,3536,"Eerstejaars Licht,Oudlicht"
-1828141362992174346,20205272,3315,"Heren Clubacht,Boy ødelagt"
7516751298228870906,20205275,3539,"Heren TopC4+,Eerstejaars Licht"
7077535101930072948,20205276,3346,Dølgedraaid
-3797475780673238807,20205277,3261,Spøed
5367185234434722497,20205278,3403,"DCl4*,Prølatiø,Heren Clubacht"
-5918248058485927383,20205280,3310,"Prølatiø,Gøldriggers X prølatiø"
-2846978371868395813,20205281,3307,"Tøtal løss,Watskebørt,Sabøøtage,Dames Project8+"
2523105241991678146,20205284,3344,ØLYMPILS
-3708891769317941458,20205285,3451,"Heren TopC4+,Boy ødelagt"
2198917128111566238,20205286,3301,"Eerstejaars Zwaar,Middengroep Zwaar"
165545088265442502,20205287,3324,"Gøld riggers,Gøldriggers X prølatiø"
2655448758734529525,20205289,3290,Ouderejaars Heren
-428367056528232304,20205290,3264,"Winøs,Carpe Nøctem,Dølgedraaid"
7319636899200659691,20205292,3379,"Tørpedo,Prødigies,Røw me to the møøn "
1793699734698471066,20205296,3259,"Tøtal løss,Sletsgø"
1360065191993082799,20205300,3293,Tørpedo
7929449450191258144,20205301,3363,"Dames Clubacht,Eerstejaars Dames,Kabøters"
5911181304782789124,20205302,3279,Merløt
-3748879676049430275,20205304,3316,"Vinø,DREAM 1Ø"
2291279295750931512,20205308,3302,"Eerstejaars Dames,Middengroep Dames,Parøls"
-2406310570447764766,20205311,3385,"Tøtal løss,Sletsgø"
-1584215616385458373,20205312,3391,"DCl4*,Eerstejaars Lichte Dames,Dames Talenten 4*"
2193330813742484010,20205313,3272,Eerstejaars Zwaar
662753954409171443,20205314,3320,"Winøs,Dølgedraaid"
-362486086946281525,20205315,3257,Wijnøn
8713628681407748457,20205316,3375,"Vinø,DREAM 1Ø"
8203320030687813851,20205321,3520,Wijnøn
-3182367873860240812,20205322,3352,Merløt
-7066397393600492140,20205324,3475,"Dames TopC4+,Dames Clubvier - Cømme ci Cømme ça"
-4472027908884209097,20205325,3488,"Øzøsnel,Veløcità"
-3090329543109117183,20205327,3341,Dames TopC4+
4214164227539222161,20205328,3439,"DCl4*,Dames Clubdubbelvier,VRIJMIBØØT"
-1224105311234725982,20205331,3383,"ØLYMPILS,Heren Project8+"
2032986664214673887,20205336,3414,"Heren Clubacht,Heren Clubvier - Gerstekracht,Parøls"
4252859530379255508,20205339,3364,
-2093458653561537394,20205340,3428,Ølympils
-3657430674351037880,20205341,3393,Wijnøn
7113928128641831934,20205343,3484,"Middengroep Dames,Ouderejaars Dames"
-8920140166112102199,20205344,3469,"DØLLØØS,Escalerøn"
3894617036393562022,20205348,3384,"Heren TopC4+,Sletsgø,Boy ødelagt"
-5568472483849611032,20205350,3295,"Dames Clubacht,Parøls,De Zeven Zønden,Ølympils,Despø"
-324900390941523110,20205353,3358,Tøtal løss
3697092001023406748,20205354,3507,
-4665726374130146629,20205355,3453,Chaøs
5280128001833479679,20205359,3377,"Tot de Bødem,Ølympils"
398335630310290180,20205360,3522,"DØLLØØS,Escalerøn"
-2351196964767258914,20205361,3516,"Tot de Bødem,Boy ødelagt,De Zeven Zønden"
5954271658178175169,20205363,3518,"ØLYMPILS,De Zeven Zønden,Heren Project8+"
4196491416587964673,20205365,3464,"Dames TopC4+,Bøatycall,Dames Clubvier - Cømme ci Cømme ça"
6182752769100596400,20205368,3416,Eerstejaars Dames
3877549578773445912,20205370,3292,Bøatycall
-8764384255039632188,20205374,3461,Ouderejaars Heren
6921951295589315905,20205375,3289,"Heren TopC4+,Heren Clubacht"
-980809463644054102,20205376,3258,"ØLYMPILS,RoeienMetDeRiemenDieJeHebt"
-4197179283586034976,20205377,3314,"DØLLØØS,Escalerøn"
-7974805638398228672,20205383,3262,Merløt
-1446023853032291942,20205384,3361,Bøattrippers
5222424204475853971,20205385,3370,"Winøs,Carpe Nøctem,Dølgedraaid"
7548385063780857378,20205386,3514,"DØLLØØS,Escalerøn"
-692141156972992850,20205387,3280,
-1113698215592806093,20205388,3526,Lønge Meidøn
-4857044556508291584,20205391,3339,"Eerstejaars Licht,Oudlicht,Fløw"
5034767949580200269,20205393,3424,"DCl4*,Temptatiøn,Dames Clubacht,Despø"
8632913307066247157,20205395,3268,Merløt
8122058819714409577,20205397,3347,"Tøtal løss,Sletsgø,Dames Project8+"
-4816059062387603882,20205398,3355,Dames Clubacht
-6073153028395626417,20205400,3427,"Gøld riggers,Gøldriggers X prølatiø,Dames Project8+"
2867294654005486531,20205401,3426,Dames TopC4+
6826805977568877117,20205402,3283,Merløt
4360130252091805427,20205403,3306,Wijnøn
-6296457635531576448,20205404,3317,Tørpedo
187332564212580907,20205405,3445,ØLYMPILS
-5210254737183831616,20205406,3263,
3817246767158617879,20205407,3472,"Tørpedo,Prødigies,Røw me to the møøn ,Heren Project8+,Boot & Huysch ringvaartploeg"
8934789365939286382,20205410,3340,Wijnøn
-5608206365773940475,20205412,3374,"Spøed,Dames Project8+"
9161040632863552093,20205415,3479,Wijnøn
-869000742011953488,20205420,3459,"Heren TopC4+,Boy ødelagt"
107649705832827177,20205421,3309,"ØLYMPILS,Parøls,Heren Project8+"
3320081764179416116,20205423,3318,Tot de Bødem
-7740687875577796119,20205424,3534,"Vinø,DREAM 1Ø"
-5840919280147490493,20205425,3329,"Nøg Ønbekend,DREAM 1Ø,Vinø,Dames Project8+"
5984015058365473833,20205427,3486,"DØLLØØS,Escalerøn"
-2718856172890005467,20205429,3382,"Prølatiø,Gøldriggers X prølatiø"
-5013064286815140791,20205430,3386,"Heren TopC4+,Boy ødelagt,Heren Talenten 8+"
3261663179661657218,20205433,3328,"Heren TopC4+,Boy ødelagt"
6097203812808702387,20205434,3371,"Vinø,DREAM 1Ø"
4872412493382199350,20205438,3299,"Vinø,DREAM 1Ø,Dames Project8+"
-8854104209350428097,20205439,3296,"Nøg Ønbekend,DREAM 1Ø,Vinø"
-9075316267530000714,20205443,3396,"Øzøsnel,Parøls,Veløcità"
-5844678999993480516,20205444,3349,"Øzøsnel,Veløcità"
4084950001325672928,20205446,3287,ØLYMPILS
1390840261345197336,20205449,3297,
-1860379350672570642,20204416,2401,"Usain Bøat,Dørstig vør Gøud,Temptatiøn,Vinø,Dølgedraaid,Heren Project8+"
8171807136775399035,20205450,3492,Bøattrippers
-5765591657235455350,20205454,3462,ØLYMPILS
-1346173741720693851,20205455,3483,"Gøld riggers,De Zeven Zønden,Gøldriggers X prølatiø"
-4846192320037040138,20205457,3446,"Spøed,De Zeven Zønden"
7419759899639768090,20205462,3434,"Tot de Bødem,Boy ødelagt,RoeienMetDeRiemenDieJeHebt"
-1310556700972401144,20205463,3506,
-3686351401778377714,20205464,3345,"Heren Clubacht,Eerstejaars Zwaar"
1494118244897621314,20205465,3417,"Vinø,DREAM 1Ø"
1463866448913123048,20205466,3274,"Dames TopC4+,Dames Clubvier - Cømme ci Cømme ça,Fløw,RoeienMetDeRiemenDieJeHebt"
-4855517871172616811,20205468,3485,"Høe cuz ‘vø kus,Øzøsnel,Høe cuz \'vo kus"
7277831963098095357,20205469,3400,Bøatycall
4917730722509773653,20205471,3525,Merløt
-6411061948562783012,20205473,3312,"Øzøsnel,Veløcità"
3014026626391508035,20205474,3411,"Temptatiøn,Heren TopC4+,Carpe Nøctem,Dølgedraaid,Dames Project8+"
-309204751139482384,20205477,3332,"Tøtal løss,Sletsgø"
-2241168845284477,20205482,3303,"Nøg Ønbekend,DREAM 1Ø,Vinø"
-7407796725636321515,20205486,3544,"Dames TopC4+,Dames Clubvier - Cømme ci Cømme ça"
-5131116388657550299,20205488,3481,"Dames TopC4+,Dames Clubvier - Cømme ci Cømme ça,Fiascø"
7488124973539279755,20205489,3294,"Tøtal løss,Sletsgø"
8712726777400122427,20205493,3473,Prølatiø
544582582943248106,20205496,3278,"Lønge Meidøn,Dubbel Dølletjes"
7667952875047956063,20205498,3322,Tørpedo
-5614081511723441230,20205499,3271,"DØLLØØS,Escalerøn"
-4093061507813637296,20205500,3513,"Heren TopC4+,Eerstejaars Licht"
4981174623490061987,20205507,3360,"Heren TopC4+,Heren Clubvier - Gerstekracht,Dames Talenten 8+"
400160715903942230,20205508,3331,"Eerstejaars Zwaar,Heren Talenten 8+"
-6387127479068383471,20205509,3527,"Eerstejaars Licht,Eerstejaars Zwaar,Dames Clubvier - Cømme ci Cømme ça,Løef,Zønder Døllen"
-8511640010938458886,20205510,3503,Tørpedo
3432549213068324609,20205514,3323,"Dames TopC4+,Dames Clubvier - Cømme ci Cømme ça"
7697436943766270851,20205516,3496,"Tøtal løss,Sabøøtage"
-8173740151860245710,20205116,3068,Bøattrippers
-1696639069176223903,20205517,3490,"Prølatiø,Gøldriggers X prølatiø"
5344378304410708667,20205523,3284,"Eerstejaars Licht,Eerstejaars Zwaar,Fløw"
2897015914714983518,20205524,3269,Dames Clubacht
6711697422151348848,20205527,3480,
7867638510651323384,20205532,3333,"Winøs,Carpe Nøctem,Dølgedraaid"
6020682786168492272,20205534,3448,Dames TopC4+
-5929452864078263638,20205539,3551,"Eerstejaars Zwaar,Middengroep Zwaar"
-6003384396524733245,20205542,3550,"Tøtal løss,Sletsgø"
-7985539017075409296,20205549,3557,Wijnøn
4979711427382681639,20205241,3252,"Ouderejaars Heren,Øverst"
2286650828936545893,20205550,3559,Ouderejaars Heren
7275522714423849078,20205209,3237,
-6436703328480126382,20205557,3569,Escalerøn
8204526410223159146,20205577,3495,SPARKØL
8846463000962025338,20205600,3253,"Oudlicht,Øverst"
-1615442149135681369,20205614,3566,Øverst
-6588265235683390994,20205650,3570,Prødigies
7158739066229321828,20205754,3565,"Dames TopC4+,Prøminent"
-6012119320640186013,20205775,3573,Watskebørt
1112238988155947572,20205784,3564,Drøømboot
-1559179175560036353,20205805,2050,Ouderejaars Dames
1887763072601124277,20205878,3571,Carpe Nøctem
8751359917804438359,20205909,3568,
6438680078125339361,20205922,3572,Sletsgø
8848119796156258214,20205957,3563,Heren Clubacht
-6103356664470360052,20205960,3567,
1213048467819474580,20205053,2889,DTOPC4+
7237452048920987180,20205982,1,
-5652052373230714567,20205553,3588,
2902058018100004147,20205554,3781,Watskebørt
-5334096500298715476,20205555,3619,"Eerstejaars Dames,Kabøters"
-2498118778715317967,20205556,3666,Vløtjes
-2570107172981613046,20205558,3851,
-6293750846028894675,20205559,3784,
-5474974107541759069,20205560,3803,Verzøpen
556514140506890119,20205561,3826,Kabøters
-4449722826795278367,20205562,3886,Røw me to the møøn 
-8029040828364186752,20205563,3663,Kabøters
-5367639739561199246,20205564,3664,Høteldebøøtel
-5989769013690298735,20205565,3697,Fiascø
-2958296729602017505,20205567,3735,Åtte Øl
-1345428383182368475,20205568,3771,Escalerøn
72227012807051853,20205569,3712,Prøminent
-3313133962188248543,20205570,3802,Verzøpen
9138134946062689696,20205571,3918,Verzøpen
-7858080408514357377,20205572,3592,Dames Clubdubbelvier
-3637317343468001941,20205573,3914,
-5287111355202876264,20205574,3881,Løef
667349184547744109,20205575,3962,"Ouderejaars Dames,Heren Talenten 8+"
5349148476022250282,20205578,3879,
7821647884163980596,20205579,3702,Zønder Døllen
5908242619045318216,20205580,3726,MexiKanø
4967741010437898027,20205581,3833,"Sødå,Heren Talenten 8+"
6364590974518993409,20205582,3701,Watergødinnen 
5430586351432872914,20205584,3953,Drøømboot
4482878648340213435,20205585,3630,DREAM 1Ø
-923252124204250965,20205586,3705,
1810410056191359643,20205587,3793,New Kids Turboot
996087855713800024,20205588,3845,"Sødå,Heren Talenten 8+"
408369171380300194,20205589,3598,Scøtch
8274281584604207257,20205590,3926,MexiKanø
-3806858774256001801,20205592,3869,
709413727435388713,20205593,3711,Øverst
-3076749874336406995,20205594,3629,Watergødinnen 
-6276406156531024832,20205595,3817,DREAM 1Ø
8324114575825095691,20205596,3599,Fløw
-148864080307454658,20205597,3825,
-6551585462560356123,20205598,3812,Fiascø
-792691887240670418,20205599,3696,
1156726561307915772,20205601,3731,Scøtch
5558027423054394464,20205602,3728,
-5038711849396699920,20205603,3861,
485337496794398704,20205605,3899,Sødå
4205626027284796253,20205606,3646,Bimbo\\\'s
-5713525411361346001,20205607,3963,Middengroep Lichte Dames 
8467101228925574159,20205608,3667,Gø Høe\\\'s
-471899010095784893,20205609,3758,MexiKanø
-6787163463136903339,20205610,3836,Eerstejaars Licht
-3525126967039467197,20205611,3658,Sødå
-4631924936182997691,20205612,3846,Prødigies
1403653546568137006,20205613,3769,
-189306926840848797,20205615,3622,Watskebørt
-2575566534679346255,20205616,3736,New Kids Turboot
-6251168036316556504,20205617,3956,Watergødinnen 
-6998658304511803806,20205618,3734,"Dames TopC4+,Carpe Nøctem"
-2140999816494310759,20205619,3627,Heren TopC4+
-6095638235806210670,20205620,3923,Sletsgø
-2430377470130481474,20205621,3857,Watergødinnen 
-9015119764572874986,20205623,3875,Pedrø
1253042153552728843,20205626,3695,"Parøls,Dames Talenten 8+"
-4870651858849080576,20205627,3614,De Zeven Zønden
1665763108833077026,20205628,3591,Dames TopC4+
-5831078121923221181,20205629,3957,Fløw
8833554748172664022,20205630,3612,Åtte Øl
4995295358441692651,20205633,3866,Røw me to the møøn 
4839134024694282452,20205634,3884,RoeienMetDeRiemenDieJeHebt
-8917252370298809725,20205635,3615,"Eerstejaars Dames,Kabøters"
-2015045641167918042,20205636,3749,"Sødå,Øverst,Dames Talenten 4*"
1674409904404213559,20205637,3839,"Kantjebøørd,Prøminent"
-8245152753445687517,20205638,3685,Heren TopC4+
7389652604098664918,20205639,3907,Dames TopC4+
2504510510732510659,20205640,3931,Høteldebøøtel
-8113947034482195572,20205641,3661,Prøminent
1982271556743814290,20205643,3805,"Fløw,Dames Talenten 4*"
7804053558124146836,20205644,3797,Kabøters
-6787819514037082227,20205646,3798,New Kids Turboot
-1591775814668957833,20205647,3872,Øya Lélé
-293264509293730742,20205648,3668,Fiascø
925050595196283448,20205649,3610,Dames TopC4+
-1693811747510747364,20205651,3750,DREAM 1Ø
-7506706633781941065,20205652,3787,RoeienMetDeRiemenDieJeHebt
-570923858956724042,20205653,3915,Escalerøn
-2046967717453016047,20205654,3583,Zønder Døllen
3431381996735642731,20205655,3897,
-4633973211424075757,20205656,3800,Vløtjes
-7584791403260184414,20205657,3955,
-5159906928688879101,20205659,3770,Løef
-5039655479848419053,20205660,3824,Sletsgø
7543236276714432871,20205663,3856,
302843307554356806,20205664,3764,
4688612911388252668,20205665,3843,Pedrø
6320258576297691194,20205666,3611,Heren Clubacht
6700569188793730376,20205667,3613,Fløw
-7782200047036962750,20205668,3753,Vløtjes
6901875116680920744,20205669,3850,Watergødinnen 
6709176778832554990,20205670,3946,
-9219439321793731463,20205671,3593,"Dames Clubacht,Despø"
4221662357482927279,20205672,3903,Watskebørt
-1674021256912747596,20205673,3660,Watskebørt
6646636140639519651,20205674,3643,Røw me to the møøn 
-1296902916826473488,20205675,3670,"Dames Clubdubbelvier,Escalerøn,VRIJMIBØØT"
-6266037930216003215,20205676,3677,"Parøls,Dames Talenten 4*"
-5533869646016954980,20205678,3807,Pedrø
-4685556562917045889,20205680,3662,
1697123672445974109,20205681,3692,Eerstejaars Zwaar
-1895217950433553248,20205682,3595,De Zeven Zønden
6330463549253624769,20205683,3859,
5573476646197313982,20205684,3791,
3491826044394218210,20205685,3585,Escalerøn
-5863560031501605251,20205686,3889,Røw me to the møøn 
2784161594415027208,20205687,3895,
-953347880846538331,20205688,3727,Parøls
-6480956243941846626,20205689,3877,SPARKØL
2495716321560486467,20205690,3811,Parøls
-4083016671292304051,20205692,3680,"Dames Clubacht,Despø"
-2253647670679371068,20205695,3788,SPARKØL
5596145183475267187,20205696,3806,Øya Lélé
-1736340980917439667,20205697,3932,Høteldebøøtel
8402424402478982054,20205698,3631,"Kantjebøørd,Prøminent"
-8839338536344778436,20205699,3597,Dames TopC4+
5101697574344344840,20205700,3715,Eerstejaars Licht
1266081106837653645,20205701,3876,
1336412059902500250,20205702,3967,
1499991373626412650,20205703,3659,Watergødinnen 
5574482912354344509,20205704,3600,Kabøters
-2014803180704072884,20205705,3935,DREAM 1Ø
621745648882064722,20205707,3772,Heren Clubacht
174820355567557793,20205708,3752,Heren Clubacht
-5108831543574379884,20205709,3916,Prøminent
1619296382837069006,20205710,3738,Løef
6134088258522068191,20205711,3909,Pedrø
8263140221277323615,20205712,3865,Pedrø
-4944716104644476904,20205713,3733,Høteldebøøtel
4674966253923404272,20205714,3708,Heren Clubacht
-8485011098746043508,20205715,3743,Fløw
4734021297717821353,20205716,3848,Vløtjes
-7770023005884497786,20205717,3786,Watskebørt
731163894268569008,20205718,3966,Ouderejaars Heren
8621184050605770813,20205719,3774,MexiKanø
9087681078649463599,20205720,3616,
2638401843676258743,20205721,3649,Watergødinnen 
-6445675440684718199,20205722,3574,Fiascø
-425383826366715626,20205723,3888,Fiascø
1077941730964685262,20205724,3618,Zønder Døllen
5722797516897651717,20205725,3819,Heren TopC4+
434171699990840238,20205726,3745,Heren TopC4+
-2566550384234948140,20205728,3716,
-8240182033157382915,20205729,3883,Dames TopC4+
2688310575296693247,20205730,3885,Verzøpen
2160634723064009688,20205731,3681,
-1400981289003469535,20205734,3910,DREAM 1Ø
-417867454417483489,20205735,3620,SPARKØL
5948967260237679689,20205736,3676,Dames Clubacht
3744788741445542879,20205739,3768,
5769964634325960600,20205740,3719,Bimbo\\\'s
-1988031342761721041,20205741,3809,
4449006952617963768,20205742,3864,Fløw
5552304633291777495,20205744,3863,Åtte Øl
8839784346273321060,20205745,3796,Zønder Døllen
-7301360605143580526,20205746,3641,Dames TopC4+
1162453680051615615,20205747,3949,Escalerøn
1848868940837312698,20205748,3868,Drøømboot
-6207053453754363638,20205749,3947,RoeienMetDeRiemenDieJeHebt
-1963720001668188311,20205750,3747,Røw me to the møøn 
50571897614750493,20205751,3748,Dames Clubacht
-3225308464816803049,20205752,3944,RoeienMetDeRiemenDieJeHebt
-1803843788271373241,20205753,3678,Scøtch
6505505406085126185,20205755,3852,Løef
-6053544160693530421,20205756,3873,Dames Clubdubbelvier
6733128117175544243,20205757,3628,"Dames Clubacht,Despø"
5848660252892582743,20205758,3590,Åtte Øl
-5983553986599831562,20205759,3584,Zønder Døllen
350358815396683568,20205760,3673,Verzøpen
-7426501598331947724,20205761,3609,Dames TopC4+
-5654762222447921658,20205762,3898,Dames TopC4+
-5053081663370557184,20205763,3816,Høteldebøøtel
971899804544180190,20205764,3960,Middengroep Zwaar
-200953596845159973,20205766,3799,Parøls
-3080639210974400631,20205767,3760,RoeienMetDeRiemenDieJeHebt
7757357041474723958,20205768,3951,Prødigies
1588948444569669753,20205769,3675,Fiascø
7835656163322456609,20205770,3754,Gø Høe\\\'s
6441384554356077375,20205772,3639,Sletsgø
5234175266323364523,20205774,3623,DREAM 1Ø
-6523846233335932217,20205778,3739,Dames TopC4+
-1926605314922195726,20205780,3744,"Heren TopC4+,Heren Talenten 8+"
5164053974331319017,20205782,3652,"Dames Clubdubbelvier,VRIJMIBØØT"
5216983917534844164,20205783,3725,Øya Lélé
4763915014147090720,20205785,3831,Gø Høe\\\'s
4332618114915259630,20205786,3965,Eerstejaars Zwaar
-5540815613391844277,20205787,3930,
-4005868298189485073,20205788,3601,Sletsgø
260527454846109157,20205789,3757,
7083653582308877017,20205790,3835,Prøminent
-6406342850815195445,20205791,3687,Heren Clubacht
-7910488935612509405,20205792,3832,Sødå
4584952021364811477,20205794,3655,Bimbo\\\'s
-5447001482103215498,20205795,3717,
-8898328170832931201,20205796,3761,Bimbo\\\'s
-7952172382987193366,20205797,3878,"Eerstejaars Dames,Kabøters"
3878026204393866960,20205798,3941,Watskebørt
-627422662459199927,20205799,3795,"Dames Clubdubbelvier,VRIJMIBØØT"
2338837830981629594,20205800,3906,RoeienMetDeRiemenDieJeHebt
7492432132071093621,20205801,3780,
8367852907663582662,20205802,3713,Heren Clubacht
8585441918607184603,20205803,3871,Vløtjes
-5876991331302171668,20205804,3648,Løef
7772608991960802617,20205806,3759,Åtte Øl
-8703291886639838880,20205807,3730,Prødigies
3948729279141072757,20205808,3818,Bimbo\\\'s
7577795543086523792,20205809,3948,RoeienMetDeRiemenDieJeHebt
4800774635573725408,20205811,3950,
4633270654210197940,20205813,3691,Sletsgø
6830325648722484081,20205814,3900,Pedrø
579418659359251697,20205815,3720,New Kids Turboot
7231743885406412703,20205816,3617,Verzøpen
415445096431353578,20205817,3917,Gø Høe\\\'s
2552183501477829580,20205818,3640,Heren Clubacht
831064521776659846,20205820,3626,Sødå
298597193070299440,20205821,3767,Prødigies
-6879293410169465755,20205822,3919,Escalerøn
-1711473231943203212,20205823,3650,Watskebørt
1566062813173929445,20205824,3741,Bimbo\\\'s
-401767139998687575,20205825,3908,Fiascø
2572064055546793837,20205826,3576,Kabøters
-6800646225184554272,20205827,3693,Bimbo\\\'s
5815379920140766886,20205828,3792,Scøtch
6419900863461097604,20205829,3789,
-8387470542016781137,20205831,3654,
5911160927656854280,20205832,3777,Dames TopC4+
6087842427077355350,20205833,3714,Bimbo\\\'s
-3356134418434930369,20205834,3644,Dames Clubdubbelvier
-1045724035214385244,20205835,3943,Øverst
-833389004213034827,20205836,3854,MexiKanø
-703179758561204338,20205837,3782,"Parøls,Dames Talenten 8+"
4450712737899944123,20205838,3804,Prødigies
6005140465661980580,20205839,3688,
-2711217655831041191,20205840,3858,Carpe Nøctem
4908106047612962935,20205841,3575,Drøømboot
-661502280863144136,20205843,3632,Parøls
-603193318024990027,20205844,3672,New Kids Turboot
2911035843924606642,20205845,3814,
-647327892670035295,20205846,3679,Zønder Døllen
7070281288071476413,20205847,3841,Eerstejaars Licht
3449856779642713069,20205848,3849,"Sødå,Scøtch"
-8909853581420741366,20205849,3815,SPARKØL
1971044408119412867,20205850,3722,Watskebørt
-453889085136789904,20205851,3578,Gø Høe\\\'s
4898009220410642094,20205853,3579,Gø Høe\\\'s
5935940624486615667,20205854,3608,Scøtch
4362939593368577171,20205855,3740,Dames Clubacht
-9115174405703659171,20205857,3778,Carpe Nøctem
6016003341929744887,20205858,3589,Dames Clubdubbelvier
-6542149084816809844,20205859,3790,New Kids Turboot
5015024719046133812,20205860,3961,Ouderejaars Heren
8623885432478369225,20205861,3842,Kantjebøørd
-8803527999096828885,20205863,3587,
-7980054311468839962,20205864,3699,Eerstejaars Licht
-1169372614347401466,20205865,3933,Fiascø
-7769481992740206957,20205866,3862,Vløtjes
-2064081775851040076,20205867,3901,Gø Høe\\\'s
1581970509773607296,20205868,3602,"Øverst,Dames Talenten 8+"
-8151548304662205035,20205869,3934,Løef
-687623911721500334,20205870,3822,Prødigies
-7621446663687956251,20205871,3737,Heren TopC4+
8118218561280610004,20205872,3821,Heren TopC4+
7886957228049463147,20205873,3721,Heren TopC4+
8627727088468365124,20205874,3657,"Kantjebøørd,Prøminent"
5438187456130845422,20205875,3853,RoeienMetDeRiemenDieJeHebt
-1831474837413877253,20205876,3577,Prødigies
3593349439675367530,20205877,3621,
-2641271775472330144,20205879,3927,
-2853078939695490753,20205880,3656,"Dames Clubdubbelvier,De Zeven Zønden,Heren Project8+,VRIJMIBØØT"
-4188041248683735724,20205881,3746,Drøømboot
4052502483549228843,20205883,3775,"Eerstejaars Dames,Kabøters"
5377908855829521466,20205884,3606,Dames Clubacht
4933789341571095886,20205885,3964,"Dames TopC4+,Dubbel Dølletjes"
-3606029478087846368,20205886,3582,"De Zeven Zønden,Dames Talenten 8+"
-4707354527325984486,20205887,3653,Dames TopC4+
6868688335773026202,20205888,3929,Øverst
2402906440408439729,20205889,3828,Sletsgø
-3901910802527571768,20205890,3894,SPARKØL
8863096504799267791,20205891,3690,Øya Lélé
-6021032102964512658,20205892,3813,Prødigies
1811915905172391928,20205893,3689,"Eerstejaars Dames,Kabøters"
5857737954222080985,20205894,3638,Høteldebøøtel
-922199014578355574,20205895,3698,Øya Lélé
-2145787972704485942,20205897,3594,
-495901232203667847,20205898,3830,
-1817779631577161677,20205899,3870,SPARKØL
-4673277425145185508,20205900,3605,"Eerstejaars Dames,Kabøters"
-7531377565026944413,20205901,3904,
2104946589608897159,20205902,3922,De Zeven Zønden
-3777114646583936699,20205903,3942,Heren TopC4+
-439263669603087096,20205904,3732,Carpe Nøctem
-1871651620894678989,20205905,3682,Carpe Nøctem
4019620893647603713,20205906,3810,Pedrø
4613459411810832530,20205907,3911,Kabøters
-7260895427332902969,20205908,3633,Fløw
-5272932118068520064,20205910,3785,
1127217840452827020,20205911,3779,De Zeven Zønden
8316584960466263246,20205912,3755,Heren TopC4+
-3011238559918610889,20205913,3694,"Kantjebøørd,Prøminent"
-7206645727318039406,20205915,3686,MexiKanø
3580822394485715798,20205916,3765,Sødå
-7554738158780893020,20205918,3880,MexiKanø
-3227981706108423982,20205919,3891,New Kids Turboot
-2568287453811388532,20205920,3952,New Kids Turboot
1674664635925517657,20205921,3959,
6580954711721352377,20205923,3634,Eerstejaars Licht
-478659115399424173,20205924,3808,
-4663049042950305490,20205925,3729,DREAM 1Ø
-3359337324560476149,20205926,3847,Pedrø
1735491027828892994,20205927,3669,
3742639491444907353,20205928,3704,MexiKanø
-1705588887635971246,20205929,3844,DREAM 1Ø
6008938932347291671,20205930,3718,"Åtte Øl,Dames Talenten 4*"
-401796552932477658,20205931,3645,Verzøpen
-933564200759869005,20205932,3936,
6994013294843156775,20205933,3896,MexiKanø
-3304909407748640777,20205934,3624,MexiKanø
-9173456105718324319,20205935,3707,Zønder Døllen
-3220735998804014212,20205936,3827,Røw me to the møøn 
-7620895982197513222,20205939,3945,RoeienMetDeRiemenDieJeHebt
2396375593443868009,20205938,3709,Fiascø
2208925811292943733,20205941,3762,Øya Lélé
-2359129020152466917,20205942,3604,De Zeven Zønden
-1451200830801123366,20205945,3940,Watergødinnen 
6731857756239837200,20205946,3823,Høteldebøøtel
729431950331193975,20205949,3651,Fløw
-7147441393651634440,20205950,3603,Sletsgø
5760775503827042019,20205952,3684,Eerstejaars Zwaar
-417025557721051407,20205954,3912,Kabøters
-6348074204134143599,20205959,3920,Løef
-2728567933115128827,20205961,3958,Drøømboot
4820804368868174072,20205963,3703,
-5840037398360188224,20205965,3763,Prødigies
-4844462906644192490,20205967,3647,Øya Lélé
-5750032527846736092,20205969,3773,Watskebørt
6370962279494821561,20205971,3860,Eerstejaars Zwaar
1106345804451454409,20205972,3801,Øya Lélé
-7065934322101706439,20205973,3625,Fiascø
7878181856046204024,20205974,3925,
5436901721562054612,20205976,3783,Høteldebøøtel
-3693227031312477949,20205977,3607,"Eerstejaars Dames,Kabøters"
-5635191638803531646,20205978,3968,Prødigies
1402125552523949635,20205980,3969,Gø Høe\\\'s
-6168144238352560207,20205981,3970,Ouderejaars Heren
2704255551214734798,20205983,4062,
2980829192513252140,20205984,4015,Aldri før full
5438100716376314030,20205985,4004,Bøøt Klein Grøøt
-3428708459764444761,20205986,3972,Aldri før full
-7885395826458303208,20205987,4008,Despø
6957697343176978399,20205988,3999,
8847693447153297094,20205989,4007,"Dames Talenten 8+,Aldri før full"
-5720829066349719328,20205991,4069,
-8116838363022366944,20205992,3991,Met de billen bøøt
5383245971901693581,20205993,4032,
-8074800727643334916,20205994,4034,
8720016485634620384,20205995,4044,
-5883028472958531475,20205996,4002,VRIJMIBØØT
5307404205399948163,20205997,3997,
8759811034332615665,20205998,4019,Rapidø
-7778462455033167323,20205999,4071,
2821115363937212905,20206000,4052,Bøøt Klein Grøøt
3526211160305578194,20206001,4018,
130702110431372516,20206002,4055,
3405098964727342891,20206003,4059,Despø
3680348057420674682,20206004,3985,VRIJMIBØØT
-4664779605459021759,20206005,4049,
1885523398530059690,20206006,4060,
-8863316899733761294,20206008,4009,
-387389257921928707,20206009,4046,Rapidø
-462396555561977433,20206010,3977,
-6671445364029023775,20206011,4038,
4587354969496362737,20206012,3978,"Dames Talenten 8+,Aldri før full"
7131216964151421643,20206013,3973,Rapidø
5304952400470889086,20206014,4067,
-4149411967332393512,20206015,4025,VRIJMIBØØT
2748957042906007926,20206016,4014,Heren Talenten 8+
8240810318258907026,20206017,3994,
4198507703365603877,20206018,4048,
-1170055043146501446,20206020,4051,Heren Talenten 8+
5821163765721880900,20206021,4026,
-4257700784917009817,20206022,4028,Heren Talenten 8+
-1918979609951740093,20206023,4053,Despø
-8530462560299599518,20206024,4047,Bøøt Klein Grøøt
1450401736613554481,20206025,4024,
2263544523695804523,20206028,4000,Despø
-1233101010077514231,20206029,3990,Dames TopC4+
5260063717236284355,20206030,4012,
5334063526852936366,20206031,4050,Bøøtox
-8887938942885913115,20206032,3993,Bøøtox
8494769080366764314,20206033,4013,Bøøtox
-8907264130018067836,20206034,4031,"Dames Talenten 8+,Bøøt Klein Grøøt"
-7665183291253796038,20206035,4072,
-5458114347737977671,20206036,3989,Despø
6723029696921218653,20206037,3976,Bøøtox
6814303830689268498,20206038,4021,
6444695877076317453,20206039,4043,Despø
6886793247778230297,20206040,3992,Met de billen bøøt
4826085409055879450,20206041,3988,
-1276122981295145781,20206042,4010,VRIJMIBØØT
5721179226362589132,20206043,4068,VRIJMIBØØT
-3005941249230132739,20206044,3995,Bøøtox
8264732468291622119,20206045,4035,Rapidø
9144059286205310757,20206046,4045,Bøøtox
-5779252036833677062,20206047,4041,
-42319488165171384,20206048,4003,
-469234307750979892,20206049,3987,
-4917003707297535755,20206050,4070,
-5261807400989519568,20206051,4065,
4305636588438759282,20206052,4066,"Dames Talenten 8+,Aldri før full"
-7089274160716546149,20206053,3975,Rapidø
7284142751013337933,20206054,3996,
7953847934313387650,20206055,4064,
1506088651872363329,20206056,4033,
-2051962180966901742,20206057,3986,
-7195748709679119050,20206058,3979,
-6149597155809959686,20206060,4023,
-8515151128751338520,20206061,4017,Met de billen bøøt
3960278703026295898,20206062,4074,
-7190224177739186318,20206063,4022,"Dames Talenten 8+,Aldri før full"
8763256380401965152,20206064,3984,VRIJMIBØØT
-1448053940933968587,20206065,4057,Met de billen bøøt
-1782107084463723549,20206066,4001,Bøøtox
5583122812721462833,20206067,4063,Rapidø
-4780745368802005361,20206068,4039,Despø
2339566630126638861,20206069,4011,Bøøt Klein Grøøt
-1496755881342614097,20206070,4030,Bøøt Klein Grøøt
5216051812599400484,20206071,4016,
-2826465705644229142,20206072,4040,Rapidø
1442138641739196998,20206073,4020,Met de billen bøøt
-6359139361392282476,20206074,3981,VRIJMIBØØT
6021376722963551101,20206075,4037,
3532320413396689564,20206076,4058,VRIJMIBØØT
8204180390252530137,20206077,4042,VRIJMIBØØT
3250055821747226516,20206078,3980,Met de billen bøøt
7619188541042181185,20206079,3982,Bøøtox
-3213821280191177210,20206080,4061,
3813173138791905161,20206081,4029,
-1321251126014752780,20206082,4056,
-5304476615350839823,20206083,4054,Rapidø
8998443849222209897,20206084,3983,Met de billen bøøt
947939671461714698,20206087,4073,
